candidate_id,candidate_name,lead_1_url,lead_2_url,lead_3_url,curation_status
001,鼎泰豐（101店）,https://xnfood.com.tw/dintaifung-2/,https://www.dintaifung.com.tw/,https://www.dintaifung.com.tw/news_show.php?id=252,provisional_brand_owned_domain_requires_direct_confirmation
002,食令 Shabu,http://www.shilingshabu.com/,http://www.shilingshabu.com/menu.html,,provisional_brand_owned_domain_requires_direct_confirmation
003,艾朋牛排餐酒館,https://www.apointsteak.com.tw/,,,provisional_brand_owned_domain_requires_direct_confirmation
005,合.Shabu,http://www.hostshabu.com.tw/,https://www.hostshabu.com/,https://www.hostshabu.com/hostshabumenu.html,provisional_brand_owned_domain_requires_direct_confirmation
009,馬友友印度廚房,https://www.indianfoodtaiwan.com/zh,https://www.indianfoodtaiwan.com/zh/home-mik,https://www.indianfoodtaiwan.com/menus,provisional_brand_owned_domain_requires_direct_confirmation
012,一蘭拉麵－台灣台北本店,https://ichiran.com.tw/shop/stores.aspx,,,provisional_brand_owned_domain_requires_direct_confirmation
013,Texas Roadhouse,https://texasroadhouse.com.tw/,,,provisional_brand_owned_domain_requires_direct_confirmation
015,INPARADISE 饗饗,https://inparadise.com.tw/zh-TW/store/Xinyi,https://inparadise.com.tw/,https://inparadise.com.tw/zh-TW/guide,provisional_brand_owned_domain_requires_direct_confirmation
018,鼎泰豐（信義新光A4店）,https://xnfood.com.tw/dintaifung/,https://www.dintaifung.com.tw/,https://www.dintaifung.com.tw/news_show.php?id=252,provisional_brand_owned_domain_requires_direct_confirmation
021,勞瑞斯牛肋排餐廳,https://www.lawrys.com.tw/about.php,https://www.lawrys.com.tw/,,provisional_brand_owned_domain_requires_direct_confirmation
022,CÉ LA VI Taipei,https://www.starfishconcept.com/portfolio/ce-la-vi-taipei/,https://tw.celavi.com/zh-tw,https://tw.celavi.com/,provisional_brand_owned_domain_requires_direct_confirmation
024,老乾杯－台北信義店,https://www.kanpaiclassic.com.tw/zh/branch,,,provisional_brand_owned_domain_requires_direct_confirmation
026,欣葉台菜－信義A9店,https://www.shinyeh.com.tw/content/zh/brand/Index.aspx?BrandId=1,https://www.shinyeh.com.tw/content/zh/brand/Menu.aspx?BrandId=1,https://www.shinyeh.com.tw/content/zh/brand/Store.aspx?BrandId=1&Id=1,provisional_brand_owned_domain_requires_direct_confirmation
027,Meat Love 橡木炭火韓國烤肉,https://meatlove.tw/,,,provisional_brand_owned_domain_requires_direct_confirmation
028,Saffron 46,https://www.saffron46.com/,,,provisional_brand_owned_domain_requires_direct_confirmation
030,Woolloomooloo,https://woolloomooloo.tw/,http://woolloomooloo.tw/tucker/,,provisional_brand_owned_domain_requires_direct_confirmation
032,饗食天堂信義店,https://www.eatogether.com.tw/zh-TW/store/EAT007,,,provisional_brand_owned_domain_requires_direct_confirmation
033,Smith & Wollensky 牛排館,https://smithandwollensky.com.tw/,https://smithandwollensky.com.tw/zh_TW/menu/taipei,https://smithandwollensky.com.tw/zh_TW/reserve,provisional_brand_owned_domain_requires_direct_confirmation
034,頂鮮101美食美景餐廳,https://dingxian.com.tw/,,,provisional_brand_owned_domain_requires_direct_confirmation
036,Hooters Xinyi 美式餐廳,https://www.hooters.com.tw/,https://www.hooters.com.tw/en/about-hooters/,https://www.hooters.com.tw/en/category/event/xinyi/,provisional_brand_owned_domain_requires_direct_confirmation
037,凱林鐵板燒,http://karenteppanyaki.com/,,,provisional_brand_owned_domain_requires_direct_confirmation
039,樂天皇朝台灣,https://www.paradisegp.com/tc/tw/,,,provisional_brand_owned_domain_requires_direct_confirmation
040,TGI Friday's,https://tgifridays.com.tw/,https://www.tgifridays.com.tw/food,https://tgifridays.com.tw/index.php/about-us,provisional_brand_owned_domain_requires_direct_confirmation
041,欣葉日本料理信義店,https://www.shinyeh.com.tw/content/zh/brand/Index.aspx?BrandId=4,https://www.shinyeh.com.tw/content/zh/brand/Store.aspx?BrandId=4&Id=13,,provisional_brand_owned_domain_requires_direct_confirmation
043,春水堂－信義新光三越A9店,https://xnfood.com.tw/lazy-package-xinyi-skm-a9/,,,provisional_brand_owned_domain_requires_direct_confirmation
044,瓦城泰國料理－台北阪急店,https://www.thaitown.com.tw/tw/booking,https://www.thaitown.com.tw/tw/store,https://www.thaitown.com.tw/en/menu,provisional_brand_owned_domain_requires_direct_confirmation
051,小南門傳統豆花美食,https://xnfood.com.tw/small-south-gate-traditional-tofu-003/,https://xnfood.com.tw/small-south-gate-traditional-tofu-002/,,provisional_brand_owned_domain_requires_direct_confirmation
053,夜上海,https://www.elite-concepts.com/zh-hk/our-concepts/taipei/ye-shanghai/,,,provisional_brand_owned_domain_requires_direct_confirmation
054,Joyce East,https://www.joycecafetw.com/JOYCEEAST/?action=menu,https://joycecafetw.com/JOYCEEAST/?action=contact,https://joycecafetw.com/JOYCEEAST/?action=index,provisional_brand_owned_domain_requires_direct_confirmation
057,原木燒烤餐廳 Wildwood,https://www.wildwood.com.tw/index_ch.php,,,provisional_brand_owned_domain_requires_direct_confirmation
061,時時香－微風南山店,https://ricebar.com.tw/tw/store,,,provisional_brand_owned_domain_requires_direct_confirmation
062,L.A PHO 越南美食餐廳,https://xnfood.com.tw/l-a-pho/,,,provisional_brand_owned_domain_requires_direct_confirmation
064,The Ukai Taipei,https://www.ukai.co.jp/ct/taipei/,,,provisional_brand_owned_domain_requires_direct_confirmation
066,85TD Chinese Restaurant,https://www.85td-101.com/,https://www.85td-101.com/portal_d800.php?owner_num=d800_92169&button_num=d800,https://www.85td-101.com/index.php?website_language_id=3,provisional_brand_owned_domain_requires_direct_confirmation
067,JK STUDIO,https://jkstudio.tw/,,,provisional_brand_owned_domain_requires_direct_confirmation
070,TWG Tea at Taipei 101,https://twgtea.com/en/locations/taiwan/twg-tea-at-taipei-101,,,provisional_brand_owned_domain_requires_direct_confirmation
074,Osteria by Angie,https://xinyi.osteria.com.tw/,https://www.osteria.com.tw/,https://dazhi.osteria.com.tw/,provisional_brand_owned_domain_requires_direct_confirmation
075,紅花鐵板燒－台北101旗艦店,https://xnfood.com.tw/redflower/,,,provisional_brand_owned_domain_requires_direct_confirmation
076,開飯川食堂－台北阪急店,https://www.kaifun.com.tw/zh-TW/home,https://kaifun.com.tw/zh-TW/menu/menu_top,,provisional_brand_owned_domain_requires_direct_confirmation
079,金色三麥－微風南山店,https://www.lebledor.com/location/umami,https://xnfood.com.tw/le-ble-dor-umami/,,provisional_brand_owned_domain_requires_direct_confirmation
080,稻舍食館－統一時代店,https://www.rice1923.com/blogs/%E9%96%80%E5%B8%82/192871,https://www.rice1923.com/uni-president,https://www.rice1923.com/,provisional_brand_owned_domain_requires_direct_confirmation
081,點點心,https://www.dimdimsum.tw/pages/store-info,,,provisional_brand_owned_domain_requires_direct_confirmation
084,非常泰概念餐坊－Neo19店,https://www.verythai.com.tw/,https://www.verythai.com.tw/tw/store,https://xnfood.com.tw/verythai/,provisional_brand_owned_domain_requires_direct_confirmation
086,燒肉中山 Zonzen,https://www.zonzen.com.tw/,,,provisional_brand_owned_domain_requires_direct_confirmation
088,瓦城泰國料理－松山車站店,https://www.thaitown.com.tw/,https://www.thaitown.com.tw/tw/store,https://www.thaitown.com.tw/en/menu,provisional_brand_owned_domain_requires_direct_confirmation
090,One Rule,https://www.onerule.com.tw/,https://www.onerule.com.tw/en/menu/,https://www.onerule.com.tw/outdoor-menu/,provisional_brand_owned_domain_requires_direct_confirmation
092,輪輪1976 和食茶酒驛,https://www.dcl1976.com/lunlun1976,,,provisional_brand_owned_domain_requires_direct_confirmation
093,Khana Khazana Indian Kitchen,https://www.khanakhazana.com.tw/,http://www.khanakhazana.com.tw/about/,,provisional_brand_owned_domain_requires_direct_confirmation
096,大心新泰式麵食－台北信義威秀店,https://bheartnoodles.com/,https://bheartnoodles.com/tw/store,,provisional_brand_owned_domain_requires_direct_confirmation
100,百家班活蝦店－基隆路店,https://www.heyahh.com.tw/collections/prawn-keelungroad,https://www.heyahh.com.tw/pages/baijiaban-zeelungroad-menu,https://www.heyahh.com.tw/pages/baijiaban-keelungroad-shop,provisional_brand_owned_domain_requires_direct_confirmation
105,瓦城泰國料理－新光三越信義店,https://www.thaitown.com.tw/tw/booking,https://www.thaitown.com.tw/tw/store,,provisional_brand_owned_domain_requires_direct_confirmation
106,黑毛屋信義店,https://www.honke.kurogeya.com.tw/zh/branch,,,provisional_brand_owned_domain_requires_direct_confirmation
110,饗泰多－松高店,https://www.siammore.com.tw/zh-TW/store/STB005,https://www.siammore.com.tw/shop.php,,provisional_brand_owned_domain_requires_direct_confirmation
111,SUBWAY Taipei 101,https://subway.com.tw/,https://subway.com.tw/GoWeb2/include/index.php?Page=2,,provisional_brand_owned_domain_requires_direct_confirmation
115,YABI Kitchen－微風南山店,https://xnfood.com.tw/yabi-kitchen/,,,provisional_brand_owned_domain_requires_direct_confirmation
118,大戶屋－統一時代台北店,https://xnfood.com.tw/ootoya/,,,provisional_brand_owned_domain_requires_direct_confirmation
126,Sea to Sky,https://seatosky.com.tw/,,,provisional_brand_owned_domain_requires_direct_confirmation
129,犇－微風信義館,https://www.bencuisine.com/,,,provisional_brand_owned_domain_requires_direct_confirmation
133,MiraWan,https://www.mirawan.com.tw/,https://www.mirawan.com.tw/about/,https://www.mirawan.com.tw/maincourse/,provisional_brand_owned_domain_requires_direct_confirmation
138,柏克金啤酒餐廳,https://buckskinrestaurantgroup.com.tw/home.php,https://www.buckskinrestaurantgroup.com.tw/location.php,,provisional_brand_owned_domain_requires_direct_confirmation
139,老井極上燒肉－台北信義店,https://www.lao-jing.com/,,,provisional_brand_owned_domain_requires_direct_confirmation
140,TAMED FOX－信義店,https://tamedfox.com/,,,provisional_brand_owned_domain_requires_direct_confirmation
