root_url,root_domain,mapped_candidate_count,candidate_ids,candidate_names,shared_domain_group,measurement_scope_status,measurement_eligibility,evidence_urls
https://www.85td-101.com/,85td-101.com,1,66,85TD Chinese Restaurant,FALSE,single_brand_root_candidate,pending_final_store_sample_and_human_review,https://www.85td-101.com/portal_d800.php?owner_num=d800_92169&button_num=d800
https://www.apointsteak.com.tw/,apointsteak.com.tw,1,3,艾朋牛排餐酒館,FALSE,single_brand_root_candidate,pending_final_store_sample_and_human_review,https://www.apointsteak.com.tw/
https://www.bencuisine.com/,bencuisine.com,1,129,犇－微風信義館,FALSE,single_brand_root_candidate,pending_final_store_sample_and_human_review,https://www.bencuisine.com/
https://bheartnoodles.com/,bheartnoodles.com,1,96,大心新泰式麵食－台北信義威秀店,FALSE,single_brand_root_candidate,pending_final_store_sample_and_human_review,https://bheartnoodles.com/
https://buckskinrestaurantgroup.com.tw/,buckskinrestaurantgroup.com.tw,1,138,柏克金啤酒餐廳,TRUE,shared_parent_or_group_root_needs_author_scope_decision,pending_final_store_sample_and_human_review,https://buckskinrestaurantgroup.com.tw/home.php
https://www.dimdimsum.tw/,dimdimsum.tw,1,81,點點心,FALSE,single_brand_root_candidate,pending_final_store_sample_and_human_review,https://www.dimdimsum.tw/pages/store-info
https://www.dintaifung.com.tw/,dintaifung.com.tw,2,001|018,鼎泰豐（101店）|鼎泰豐（信義新光A4店）,TRUE,shared_brand_root_measure_once,pending_final_store_sample_and_human_review,https://www.dintaifung.com.tw/
https://www.eatogether.com.tw/,eatogether.com.tw,1,32,饗食天堂信義店,FALSE,single_brand_root_candidate,pending_final_store_sample_and_human_review,https://www.eatogether.com.tw/zh-TW/store/EAT007
https://www.elite-concepts.com/,elite-concepts.com,1,53,夜上海,TRUE,shared_parent_or_group_root_needs_author_scope_decision,pending_final_store_sample_and_human_review,https://www.elite-concepts.com/zh-hk/our-concepts/taipei/ye-shanghai/
https://www.heyahh.com.tw/,heyahh.com.tw,1,100,百家班活蝦店－基隆路店,FALSE,single_brand_root_candidate,pending_final_store_sample_and_human_review,https://www.heyahh.com.tw/collections/prawn-keelungroad
https://www.honke.kurogeya.com.tw/,honke.kurogeya.com.tw,1,106,黑毛屋信義店,FALSE,single_brand_root_candidate,pending_final_store_sample_and_human_review,https://www.honke.kurogeya.com.tw/zh/branch
https://www.hooters.com.tw/,hooters.com.tw,1,36,Hooters Xinyi 美式餐廳,FALSE,single_brand_root_candidate,pending_final_store_sample_and_human_review,https://www.hooters.com.tw/
https://www.hostshabu.com/,hostshabu.com,1,5,合.Shabu,FALSE,single_brand_root_candidate,pending_final_store_sample_and_human_review,https://www.hostshabu.com/hostshabumenu.html
https://ichiran.com.tw/,ichiran.com.tw,1,12,一蘭拉麵－台灣台北本店,FALSE,single_brand_root_candidate,pending_final_store_sample_and_human_review,https://ichiran.com.tw/shop/stores.aspx
https://www.indianfoodtaiwan.com/,indianfoodtaiwan.com,1,9,馬友友印度廚房,FALSE,single_brand_root_candidate,pending_final_store_sample_and_human_review,https://www.indianfoodtaiwan.com/zh
https://inparadise.com.tw/,inparadise.com.tw,1,15,INPARADISE 饗饗,FALSE,single_brand_root_candidate,pending_final_store_sample_and_human_review,https://inparadise.com.tw/zh-TW/store/Xinyi
https://jkstudio.tw/,jkstudio.tw,1,67,JK STUDIO,FALSE,single_brand_root_candidate,pending_final_store_sample_and_human_review,https://jkstudio.tw/
https://www.joycecafetw.com/,joycecafetw.com,1,54,Joyce East,FALSE,single_brand_root_candidate,pending_final_store_sample_and_human_review,https://www.joycecafetw.com/JOYCEEAST/?action=menu
https://www.kaifun.com.tw/,kaifun.com.tw,1,76,開飯川食堂－台北阪急店,FALSE,single_brand_root_candidate,pending_final_store_sample_and_human_review,https://www.kaifun.com.tw/zh-TW/home
https://www.kanpaiclassic.com.tw/,kanpaiclassic.com.tw,1,24,老乾杯－台北信義店,FALSE,single_brand_root_candidate,pending_final_store_sample_and_human_review,https://www.kanpaiclassic.com.tw/zh/branch
http://karenteppanyaki.com/,karenteppanyaki.com,1,37,凱林鐵板燒,FALSE,single_brand_root_candidate,pending_final_store_sample_and_human_review,http://karenteppanyaki.com/
https://www.khanakhazana.com.tw/,khanakhazana.com.tw,1,93,Khana Khazana Indian Kitchen,FALSE,single_brand_root_candidate,pending_final_store_sample_and_human_review,https://www.khanakhazana.com.tw/
https://www.lao-jing.com/,lao-jing.com,1,139,老井極上燒肉－台北信義店,FALSE,single_brand_root_candidate,pending_final_store_sample_and_human_review,https://www.lao-jing.com/
https://www.lawrys.com.tw/,lawrys.com.tw,1,21,勞瑞斯牛肋排餐廳,FALSE,single_brand_root_candidate,pending_final_store_sample_and_human_review,https://www.lawrys.com.tw/about.php
https://www.lebledor.com/,lebledor.com,1,79,金色三麥－微風南山店,FALSE,single_brand_root_candidate,pending_final_store_sample_and_human_review,https://www.lebledor.com/location/umami
https://meatlove.tw/,meatlove.tw,1,27,Meat Love 橡木炭火韓國烤肉,FALSE,single_brand_root_candidate,pending_final_store_sample_and_human_review,https://meatlove.tw/
https://www.mirawan.com.tw/,mirawan.com.tw,1,133,MiraWan,FALSE,single_brand_root_candidate,pending_final_store_sample_and_human_review,https://www.mirawan.com.tw/
https://www.paradisegp.com/,paradisegp.com,1,39,樂天皇朝台灣,TRUE,shared_parent_or_group_root_needs_author_scope_decision,pending_final_store_sample_and_human_review,https://www.paradisegp.com/tc/tw/
https://www.rice1923.com/,rice1923.com,1,80,稻舍食館－統一時代店,FALSE,single_brand_root_candidate,pending_final_store_sample_and_human_review,https://www.rice1923.com/blogs/%E9%96%80%E5%B8%82/192871
https://ricebar.com.tw/,ricebar.com.tw,1,61,時時香－微風南山店,FALSE,single_brand_root_candidate,pending_final_store_sample_and_human_review,https://ricebar.com.tw/tw/store
https://www.saffron46.com/,saffron46.com,1,28,Saffron 46,FALSE,single_brand_root_candidate,pending_final_store_sample_and_human_review,https://www.saffron46.com/
https://seatosky.com.tw/,seatosky.com.tw,1,126,Sea to Sky,FALSE,single_brand_root_candidate,pending_final_store_sample_and_human_review,https://seatosky.com.tw/
http://www.shilingshabu.com/,shilingshabu.com,1,2,食令 Shabu,FALSE,single_brand_root_candidate,pending_final_store_sample_and_human_review,http://www.shilingshabu.com/
https://www.shinyeh.com.tw/,shinyeh.com.tw,2,026|041,欣葉台菜－信義A9店|欣葉日本料理信義店,TRUE,shared_parent_or_group_root_needs_author_scope_decision,pending_final_store_sample_and_human_review,https://www.shinyeh.com.tw/content/zh/brand/Index.aspx?BrandId=1|https://www.shinyeh.com.tw/content/zh/brand/Index.aspx?BrandId=4
https://www.siammore.com.tw/,siammore.com.tw,1,110,饗泰多－松高店,FALSE,single_brand_root_candidate,pending_final_store_sample_and_human_review,https://www.siammore.com.tw/zh-TW/store/STB005
https://www.starfishconcept.com/,starfishconcept.com,1,22,CÉ LA VI Taipei,TRUE,shared_parent_or_group_root_needs_author_scope_decision,pending_final_store_sample_and_human_review,https://www.starfishconcept.com/portfolio/ce-la-vi-taipei/
https://subway.com.tw/,subway.com.tw,1,111,SUBWAY Taipei 101,FALSE,single_brand_root_candidate,pending_final_store_sample_and_human_review,https://subway.com.tw/
https://texasroadhouse.com.tw/,texasroadhouse.com.tw,1,13,Texas Roadhouse,FALSE,single_brand_root_candidate,pending_final_store_sample_and_human_review,https://texasroadhouse.com.tw/
https://tgifridays.com.tw/,tgifridays.com.tw,1,40,TGI Friday's,FALSE,single_brand_root_candidate,pending_final_store_sample_and_human_review,https://tgifridays.com.tw/
https://www.thaitown.com.tw/,thaitown.com.tw,3,044|088|105,瓦城泰國料理－台北阪急店|瓦城泰國料理－松山車站店|瓦城泰國料理－新光三越信義店,TRUE,shared_brand_root_measure_once,pending_final_store_sample_and_human_review,https://www.thaitown.com.tw/tw/booking|https://www.thaitown.com.tw/
https://twgtea.com/,twgtea.com,1,70,TWG Tea at Taipei 101,FALSE,single_brand_root_candidate,pending_final_store_sample_and_human_review,https://twgtea.com/en/locations/taiwan/twg-tea-at-taipei-101
https://www.ukai.co.jp/,ukai.co.jp,1,64,The Ukai Taipei,FALSE,single_brand_root_candidate,pending_final_store_sample_and_human_review,https://www.ukai.co.jp/ct/taipei/
https://www.verythai.com.tw/,verythai.com.tw,1,84,非常泰概念餐坊－Neo19店,FALSE,single_brand_root_candidate,pending_final_store_sample_and_human_review,https://www.verythai.com.tw/
https://www.wildwood.com.tw/,wildwood.com.tw,1,57,原木燒烤餐廳 Wildwood,FALSE,single_brand_root_candidate,pending_final_store_sample_and_human_review,https://www.wildwood.com.tw/index_ch.php
https://woolloomooloo.tw/,woolloomooloo.tw,1,30,Woolloomooloo,FALSE,single_brand_root_candidate,pending_final_store_sample_and_human_review,https://woolloomooloo.tw/
https://www.zonzen.com.tw/,zonzen.com.tw,1,86,燒肉中山 Zonzen,FALSE,single_brand_root_candidate,pending_final_store_sample_and_human_review,https://www.zonzen.com.tw/
