candidate_id,candidate_name,lead_rank,evidence_url,root_domain,search_score,search_title,source_type,measurement_eligible,evidence_role,review_status,notes
001,鼎泰豐（101店）,,,,,,no_ranked_lead,no_data,none,requires_additional_source_search,No ranked lead was observed; this is not evidence that no official site exists.
002,食令 Shabu,1,http://www.shilingshabu.com/,shilingshabu.com,9,食令 SHABU ∣ 頂級鍋物 - 食令shabu｜台北頂級鍋物｜觀光客最愛鍋物餐廳｜信義區聚餐推薦,brand_owned_candidate,pending_direct_confirmation,candidate_for_site_measurement,not_yet_human_confirmed,"Search result is a lead, not evidence. Direct page review is required."
002,食令 Shabu,2,http://www.shilingshabu.com/menu.html,shilingshabu.com,9,台北頂級鍋物｜觀光客最愛鍋物餐廳｜食令shabu｜菜單介紹 - 食令 SHABU ∣ 頂級鍋物,brand_owned_candidate,pending_direct_confirmation,candidate_for_site_measurement,not_yet_human_confirmed,"Search result is a lead, not evidence. Direct page review is required."
002,食令 Shabu,3,https://busy.tw/category/taipeifood/%E4%BF%A1%E7%BE%A9%E7%BE%8E%E9%A3%9F/,busy.tw,4,信義美食 – 嘴很忙小姐,unresolved_domain,no,unresolved_lead_only,not_yet_human_confirmed,"Search result is a lead, not evidence. Direct page review is required."
003,艾朋牛排餐酒館,,,,,,no_ranked_lead,no_data,none,requires_additional_source_search,No ranked lead was observed; this is not evidence that no official site exists.
004,紫艷中餐廳,1,https://www.tablecheck.com/zh-TW/w-hotel-yen/reserve,tablecheck.com,7,YEN Chinese Restaurant 紫艷中餐廳- 台北W飯店,booking_platform,no,supplementary_store_lead_only,not_yet_human_confirmed,"Search result is a lead, not evidence. Direct page review is required."
005,合.Shabu,1,https://www.hostshabu.com/hostshabulocation.html,hostshabu.com,12,台北頂級鍋物｜觀光客最愛鍋物餐廳｜合shabu｜營業時間｜交通資訊,brand_owned_candidate,pending_direct_confirmation,candidate_for_site_measurement,not_yet_human_confirmed,"Search result is a lead, not evidence. Direct page review is required."
005,合.Shabu,2,https://www.bellavita.com.tw/cht/store.php?d=95,bellavita.com.tw,8,樓面介紹> 4F 景觀餐廳> 合．shabu 鍋物料理 - BELLAVITA,official_venue_page,no,store_eligibility_only,not_yet_human_confirmed,"Search result is a lead, not evidence. Direct page review is required."
005,合.Shabu,3,http://www.hostshabu.com.tw/,hostshabu.com.tw,7,合．shabu 鍋物料理 - 台北,brand_owned_candidate,pending_direct_confirmation,candidate_for_site_measurement,not_yet_human_confirmed,"Search result is a lead, not evidence. Direct page review is required."
006,樂軒松阪亭,1,https://www.skm.com.tw/brand/11129,skm.com.tw,8,MATSUZAKA TEI 樂軒松阪亭 專櫃/門市｜新光三越 | 新光百貨首頁 | 最新優惠 | SKM官方網站,official_venue_page,no,store_eligibility_only,not_yet_human_confirmed,"Search result is a lead, not evidence. Direct page review is required."
007,隨意鳥101高空觀景餐廳,,,,,,no_ranked_lead,no_data,none,requires_additional_source_search,No ranked lead was observed; this is not evidence that no official site exists.
008,LA FARFALLA 義式餐廳－台北艾麗酒店,1,https://www.tablecheck.com/zh-TW/la-farfalla-italy/reserve/landing,tablecheck.com,9,LA FARFALLA 義式餐廳- 台北艾麗酒店,booking_platform,no,supplementary_store_lead_only,not_yet_human_confirmed,"Search result is a lead, not evidence. Direct page review is required."
008,LA FARFALLA 義式餐廳－台北艾麗酒店,2,http://www.humblehousehotels.com/zh-tw/websev?cat=restaurant&id=1,humblehousehotels.com,7,台北艾麗 希爾頓格芮精選酒店 - 餐廳與酒吧 - LA FARFALLA 餐廳,official_venue_page,no,store_eligibility_only,not_yet_human_confirmed,"Search result is a lead, not evidence. Direct page review is required."
008,LA FARFALLA 義式餐廳－台北艾麗酒店,3,https://www.myfunnow.com/zh-tw/branches/3024213777289,myfunnow.com,5,台北艾麗酒店 LA FARFALLA 義式餐廳 | FunNow - 線上即時預訂餐廳、住宿、按摩,booking_platform,no,supplementary_store_lead_only,not_yet_human_confirmed,"Search result is a lead, not evidence. Direct page review is required."
009,馬友友印度廚房,,,,,,no_ranked_lead,no_data,none,requires_additional_source_search,No ranked lead was observed; this is not evidence that no official site exists.
010,泰市場海鮮自助餐廳,1,https://www.regenttaiwan.com/dining/outside-dining/spice-market,regenttaiwan.com,6,泰市場 | 館外餐廳 | 佳餚美饌 | 台北晶華酒店,official_venue_page,no,store_eligibility_only,not_yet_human_confirmed,"Search result is a lead, not evidence. Direct page review is required."
011,凱菲屋－台北君悅酒店,1,https://www.hyatt.com/grand-hyatt/zh-HK/taigh-grand-hyatt-taipei/dining/cafe,hyatt.com,10,凱菲屋 | 國際頂尖自助餐 | 台北君悅酒店,official_venue_page,no,store_eligibility_only,not_yet_human_confirmed,"Search result is a lead, not evidence. Direct page review is required."
011,凱菲屋－台北君悅酒店,2,https://vivianexplore.tw/cafe-at-grand-hyatt-taipei/,vivianexplore.tw,4,【2026凱菲屋】台北君悅酒店自助餐，海鮮、甜點、中式餐點推薦！,unresolved_domain,no,unresolved_lead_only,not_yet_human_confirmed,"Search result is a lead, not evidence. Direct page review is required."
011,凱菲屋－台北君悅酒店,3,https://minako.tw/cafe-in-grand-hyatt-taipei/,minako.tw,4,【君悅酒店凱菲屋Cafe】2025台北人氣吃到飽餐點資訊、價位、餐券整理 – 美奈子的微旅行,unresolved_domain,no,unresolved_lead_only,not_yet_human_confirmed,"Search result is a lead, not evidence. Direct page review is required."
012,一蘭拉麵－台灣台北本店,1,https://ichiran.com.tw/shop/stores.aspx,ichiran.com.tw,5,一蘭拉麵| 一蘭台灣官方購物網 - 一蘭、一蘭拉麵、拉麵、一蘭台灣購物網、一蘭購物、一蘭伴手禮、台灣一蘭、日本食品、博多細麵、捲麵、豚骨拉麵、一蘭商品、伴手禮、拉麵商品、即食麵、釜醬汁豚骨拉麵、博多拉麵、日本泡麵、日本進口、福岡、九州、日本,brand_owned_candidate,pending_direct_confirmation,candidate_for_site_measurement,not_yet_human_confirmed,"Search result is a lead, not evidence. Direct page review is required."
012,一蘭拉麵－台灣台北本店,2,https://hamibobo.tw/ichiran-taipei/,hamibobo.tw,4,台北信義美食「一蘭拉麵 台灣台北本店」24小時營業、點餐方式、菜單價位 – 海綿飽飽的鳳梨城堡,unresolved_domain,no,unresolved_lead_only,not_yet_human_confirmed,"Search result is a lead, not evidence. Direct page review is required."
012,一蘭拉麵－台灣台北本店,3,https://vivawei.tw/ichiran-taipei/,vivawei.tw,4,台北信義美食｜『一蘭拉麵-台北本店』24小時營業的天然豚骨拉麵專門店(象山捷運站) @瑋瑋＊美食萬歲,unresolved_domain,no,unresolved_lead_only,not_yet_human_confirmed,"Search result is a lead, not evidence. Direct page review is required."
013,Texas Roadhouse,1,https://texasroadhouse.com.tw/,texasroadhouse.com.tw,9,Texas Roadhouse 德州鮮切牛排,brand_owned_candidate,pending_direct_confirmation,candidate_for_site_measurement,not_yet_human_confirmed,"Search result is a lead, not evidence. Direct page review is required."
013,Texas Roadhouse,2,https://www.casualrestaurants.com/brand/display/2,casualrestaurants.com,5,Texas Roadhouse | 開展餐飲集團CasualRestaurants,known_third_party,no,discovery_lead_only,not_yet_human_confirmed,"Search result is a lead, not evidence. Direct page review is required."
013,Texas Roadhouse,3,https://windiewang.com/2025/08/06/taipei-texas-roadhouse/,windiewang.com,4,[台北美食]市政府站 信義美式餐廳！Texas Roadhouse 德州鮮切牛排 現切肋眼、炸物拼盤一次滿足 - windiance風香拾光,unresolved_domain,no,unresolved_lead_only,not_yet_human_confirmed,"Search result is a lead, not evidence. Direct page review is required."
014,彩日本料理－台北君悅酒店,1,https://www.tablecheck.com/zh-TW/grand-hyatt-taipei-irodori/reserve,tablecheck.com,9,彩日本料理 - 台北君悦酒店 - TableCheck,booking_platform,no,supplementary_store_lead_only,not_yet_human_confirmed,"Search result is a lead, not evidence. Direct page review is required."
015,INPARADISE 饗饗,1,https://inparadise.com.tw/zh-TW/store/Xinyi,inparadise.com.tw,15,INPARADISE 饗饗｜名饌百匯 | 饗饗官網 | 分店資訊,brand_owned_candidate,pending_direct_confirmation,candidate_for_site_measurement,not_yet_human_confirmed,"Search result is a lead, not evidence. Direct page review is required."
015,INPARADISE 饗饗,2,https://inparadise.com.tw/,inparadise.com.tw,9,INPARADISE 饗饗｜名饌百匯 | 饗饗官網 | 首頁,brand_owned_candidate,pending_direct_confirmation,candidate_for_site_measurement,not_yet_human_confirmed,"Search result is a lead, not evidence. Direct page review is required."
015,INPARADISE 饗饗,3,https://inparadise.com.tw/zh-TW/guide,inparadise.com.tw,9,INPARADISE 饗饗｜名饌百匯 | 饗饗官網 | 遊歷饗饗,brand_owned_candidate,pending_direct_confirmation,candidate_for_site_measurement,not_yet_human_confirmed,"Search result is a lead, not evidence. Direct page review is required."
016,Top Cap Steakhouse,1,https://rsv.skm.com.tw/groups/skm-xinyi/companies/-Ksqc8slrRO0_5uDfFiD/restaurants/-Ksqc8tgi_UBrZNBQZrD/waiting?request_locale=en_US,rsv.skm.com.tw,10,TOP CAP STEAKHOUSE 線上候位｜台北信義新天地A4｜新光三越,official_venue_page,no,store_eligibility_only,not_yet_human_confirmed,"Search result is a lead, not evidence. Direct page review is required."
016,Top Cap Steakhouse,2,https://rsv.skm.com.tw/groups/skm-xinyi/companies/-Ksqc8slrRO0_5uDfFiD/restaurants/-Ksqc8tgi_UBrZNBQZrD/booking,rsv.skm.com.tw,10,TOP CAP STEAKHOUSE 線上訂位｜台北信義新天地A4｜新光三越,official_venue_page,no,store_eligibility_only,not_yet_human_confirmed,"Search result is a lead, not evidence. Direct page review is required."
016,Top Cap Steakhouse,3,https://mibaoma.tw/topcap-steakhouse/,mibaoma.tw,4,台北信義區最銷魂米其林牛排，從前菜到甜點道道驚豔！ @ 米寶麻幸福滿載,unresolved_domain,no,unresolved_lead_only,not_yet_human_confirmed,"Search result is a lead, not evidence. Direct page review is required."
017,海底撈台灣信義店（微風南山）,,,,,,no_ranked_lead,no_data,none,requires_additional_source_search,No ranked lead was observed; this is not evidence that no official site exists.
018,鼎泰豐（信義新光A4店）,1,https://rsv.skm.com.tw/groups/skm-xinyi/companies/-KNf3CgtuFU5cea5_nVg/restaurants/-KNf3CgtuFU5cea5_nVh/takeout,rsv.skm.com.tw,8,鼎泰豐線上外帶｜台北信義新天地A4｜新光三越,official_venue_page,no,store_eligibility_only,not_yet_human_confirmed,"Search result is a lead, not evidence. Direct page review is required."
019,泰集 Thai Bazaar（微風信義店）,1,https://carp0729.tw/2021/09/thaibazaar.html,carp0729.tw,4,【台北信義】泰集 Thai Bazaar｜23道經典料理吃到飽 @魚樂分享誌 @ 魚樂分享誌,unresolved_domain,no,unresolved_lead_only,not_yet_human_confirmed,"Search result is a lead, not evidence. Direct page review is required."
019,泰集 Thai Bazaar（微風信義店）,2,https://biaolazylife.tw/thaibazaar/,biaolazylife.tw,4,【台北信義美食】泰集Thai Bazaar (微風信義店) | 走進時尚泰料理間 - 彪彪懶廢日常 My Lazy Life,unresolved_domain,no,unresolved_lead_only,not_yet_human_confirmed,"Search result is a lead, not evidence. Direct page review is required."
020,探索廚房－台北寒舍艾美酒店,1,https://www.tablecheck.com/zh-TW/le-meridien-taipei-latest-recipe/reserve/landing,tablecheck.com,9,探索廚房 - 台北寒舍艾美酒店 - TableCheck,booking_platform,no,supplementary_store_lead_only,not_yet_human_confirmed,"Search result is a lead, not evidence. Direct page review is required."
020,探索廚房－台北寒舍艾美酒店,2,https://www.lemeridien-taipei.com/websev?lang=zh-tw&id=807,lemeridien-taipei.com,9,台北寒舍艾美酒店- Le Méridien Taipei - 食尚饗宴- 探索廚房,official_venue_page,no,store_eligibility_only,not_yet_human_confirmed,"Search result is a lead, not evidence. Direct page review is required."
020,探索廚房－台北寒舍艾美酒店,3,https://icecreamcat.tw/love-lemeridien/,icecreamcat.tw,4,改裝後【探索廚房吃到飽】台北寒舍艾美酒店飯店自助餐價格與訂位，信義區Buffet @冰淇淋貓的軟爛生活,unresolved_domain,no,unresolved_lead_only,not_yet_human_confirmed,"Search result is a lead, not evidence. Direct page review is required."
021,勞瑞斯牛肋排餐廳,1,https://www.lawrys.com.tw/,lawrys.com.tw,5,首頁 | Lawry's Taipei 勞瑞斯餐廳,brand_owned_candidate,pending_direct_confirmation,candidate_for_site_measurement,not_yet_human_confirmed,"Search result is a lead, not evidence. Direct page review is required."
022,CÉ LA VI Taipei,1,https://www.starfishconcept.com/portfolio/ce-la-vi-taipei/,starfishconcept.com,7,全球餐飲生活品牌CÉ LA VI首度進駐台北 - STARFiSH CONCEPT 星予國際,brand_owned_candidate,pending_direct_confirmation,candidate_for_site_measurement,not_yet_human_confirmed,"Search result is a lead, not evidence. Direct page review is required."
022,CÉ LA VI Taipei,2,https://www.wowlavie.com/article/ae1900686,wowlavie.com,7,頂級餐飲生活品牌CÉ LA VI 全球最新據點將攻佔時尚繁華的台北信義區 | La Vie,known_third_party,no,discovery_lead_only,not_yet_human_confirmed,"Search result is a lead, not evidence. Direct page review is required."
023,侯布雄法式餐廳,1,https://www.bellavita.com.tw/cht/store.php?d=38,bellavita.com.tw,8,L'ATELIER de Joël Robuchon 侯布雄法式餐廳,official_venue_page,no,store_eligibility_only,not_yet_human_confirmed,"Search result is a lead, not evidence. Direct page review is required."
023,侯布雄法式餐廳,2,https://www.bellavita.com.tw/catalogue/goodslist.php?d=199,bellavita.com.tw,7,侯布雄法式餐廳 - Bellavita,official_venue_page,no,store_eligibility_only,not_yet_human_confirmed,"Search result is a lead, not evidence. Direct page review is required."
024,老乾杯－台北信義店,1,https://rsv.skm.com.tw/groups/skm-xinyi/companies/-Ksq_LYziPrwRXZXlsQT/restaurants/-Ksq_LZxV6JgslJQmWVG/booking,rsv.skm.com.tw,8,老乾杯線上訂位｜台北信義新天地A9｜新光三越,official_venue_page,no,store_eligibility_only,not_yet_human_confirmed,"Search result is a lead, not evidence. Direct page review is required."
025,French Windows－British TeaHouse,1,https://carp0729.tw/2020/12/french-windows.html,carp0729.tw,4,【台北信義】French Windows British Teahouse 琺蘭綺瑥朵英式茶餐館｜松菸美食 @魚樂分享誌 @ 魚樂分享誌,unresolved_domain,no,unresolved_lead_only,not_yet_human_confirmed,"Search result is a lead, not evidence. Direct page review is required."
025,French Windows－British TeaHouse,2,https://mapofthebest.com/tw/french-windows-british-teahouse,mapofthebest.com,4,French Windows British Teahouse 琺蘭綺瑥朵英式茶餐館 - Map of the Best,unresolved_domain,no,unresolved_lead_only,not_yet_human_confirmed,"Search result is a lead, not evidence. Direct page review is required."
026,欣葉台菜－信義A9店,1,https://rsv.skm.com.tw/groups/skm-xinyi/companies/-Ksq_zKmqbP-1vmdhETc:inline-live-shinyeh/restaurants/-Ksq_zLmBwbOVb1EtmTL/booking,rsv.skm.com.tw,8,欣葉台菜線上訂位｜台北信義新天地A9｜新光三越,official_venue_page,no,store_eligibility_only,not_yet_human_confirmed,"Search result is a lead, not evidence. Direct page review is required."
026,欣葉台菜－信義A9店,2,https://rsv.skm.com.tw/groups/skm-xinyi/companies/-Ksq_zKmqbP-1vmdhETc:inline-live-shinyeh/restaurants/-Ksq_zLmBwbOVb1EtmTL/takeout?request_locale=en_US,rsv.skm.com.tw,8,欣葉台菜線上外帶｜台北信義新天地A9｜新光三越,official_venue_page,no,store_eligibility_only,not_yet_human_confirmed,"Search result is a lead, not evidence. Direct page review is required."
027,Meat Love 橡木炭火韓國烤肉,1,https://meatlove.tw/,meatlove.tw,9,Meat Love 橡木炭火韓國烤肉,brand_owned_candidate,pending_direct_confirmation,candidate_for_site_measurement,not_yet_human_confirmed,"Search result is a lead, not evidence. Direct page review is required."
027,Meat Love 橡木炭火韓國烤肉,2,https://kellyrosie.com/post-467659328/,kellyrosie.com,4,【台北信義燒肉】MEAT LOVE 橡木炭火韓國烤肉。頂級橡木炭火燒肉，韓國料理，信義世貿商圈，近101/世貿站 – 閒閒小魚出遊中,unresolved_domain,no,unresolved_lead_only,not_yet_human_confirmed,"Search result is a lead, not evidence. Direct page review is required."
028,Saffron 46,1,https://www.saffron46.com/,saffron46.com,7,SAFFRON 46 - SAFFRON 46 番紅花四十六,brand_owned_candidate,pending_direct_confirmation,candidate_for_site_measurement,not_yet_human_confirmed,"Search result is a lead, not evidence. Direct page review is required."
029,春水堂－松菸店,,,,,,no_ranked_lead,no_data,none,requires_additional_source_search,No ranked lead was observed; this is not evidence that no official site exists.
030,Woolloomooloo,1,https://woolloomooloo.tw/,woolloomooloo.tw,7,Woolloomooloo - 為這個城市提供多一點選擇,brand_owned_candidate,pending_direct_confirmation,candidate_for_site_measurement,not_yet_human_confirmed,"Search result is a lead, not evidence. Direct page review is required."
030,Woolloomooloo,2,http://woolloomooloo.tw/tucker/,woolloomooloo.tw,7,Woolloomooloo 選擇真實的食材，製作真誠的食物 - WOOLLOOMOOLOO,brand_owned_candidate,pending_direct_confirmation,candidate_for_site_measurement,not_yet_human_confirmed,"Search result is a lead, not evidence. Direct page review is required."
031,馬辣頂級麻辣鴛鴦火鍋信義店,,,,,,no_ranked_lead,no_data,none,requires_additional_source_search,No ranked lead was observed; this is not evidence that no official site exists.
032,饗食天堂信義店,1,https://www.eatogether.com.tw/zh-TW/store/EAT007,eatogether.com.tw,8,饗食天堂 自助美饌｜EATOGETHER | 餐廳據點,brand_owned_candidate,pending_direct_confirmation,candidate_for_site_measurement,not_yet_human_confirmed,"Search result is a lead, not evidence. Direct page review is required."
032,饗食天堂信義店,2,https://eggrollcat.com/eatogether/,eggrollcat.com,7,【台北吃到飽推薦】饗食天堂信義店｜高CP值Buffet價錢、菜色一次看饗食天堂 - 捲貓貪玩客,known_third_party,no,discovery_lead_only,not_yet_human_confirmed,"Search result is a lead, not evidence. Direct page review is required."
033,Smith & Wollensky 牛排館,1,https://smithandwollensky.com.tw/zh_TW/shop,smithandwollensky.com.tw,10,商店,brand_owned_candidate,pending_direct_confirmation,candidate_for_site_measurement,not_yet_human_confirmed,"Search result is a lead, not evidence. Direct page review is required."
033,Smith & Wollensky 牛排館,2,https://smithandwollensky.com.tw/,smithandwollensky.com.tw,9,Smith & Wollensky,brand_owned_candidate,pending_direct_confirmation,candidate_for_site_measurement,not_yet_human_confirmed,"Search result is a lead, not evidence. Direct page review is required."
033,Smith & Wollensky 牛排館,3,https://smithandwollensky.com.tw/zh_TW/menu/taipei,smithandwollensky.com.tw,9,極品美饌,brand_owned_candidate,pending_direct_confirmation,candidate_for_site_measurement,not_yet_human_confirmed,"Search result is a lead, not evidence. Direct page review is required."
034,頂鮮101美食美景餐廳,1,https://dingxian.com.tw/,dingxian.com.tw,5,頂鮮｜極致海鮮餐飲品牌｜官方網站 |,brand_owned_candidate,pending_direct_confirmation,candidate_for_site_measurement,not_yet_human_confirmed,"Search result is a lead, not evidence. Direct page review is required."
035,心潮飯店 Sinchao Rice Shoppe,1,https://sosense.tw/sinchao/,sosense.tw,4,來份慾望炒飯，恣意揮灑的浪漫餐桌《心潮飯店 Sinchao Rice Shoppe》新台派餐酒館 - 質人星球。品玩生活,unresolved_domain,no,unresolved_lead_only,not_yet_human_confirmed,"Search result is a lead, not evidence. Direct page review is required."
035,心潮飯店 Sinchao Rice Shoppe,2,https://fooday.app/en/spots/i6YDoWtU8d9zmv2Z49SN5R,fooday.app,4,心潮飯店 SINCHAO RICE SHOPPE on Fooday - Your Trusted Food Guide App,known_third_party,no,discovery_lead_only,not_yet_human_confirmed,"Search result is a lead, not evidence. Direct page review is required."
036,Hooters Xinyi 美式餐廳,1,https://www.hooters.com.tw/store-guide/,hooters.com.tw,15,分店資訊 - Hooters 美式餐廳,brand_owned_candidate,pending_direct_confirmation,candidate_for_site_measurement,not_yet_human_confirmed,"Search result is a lead, not evidence. Direct page review is required."
036,Hooters Xinyi 美式餐廳,2,https://www.hooters.com.tw/,hooters.com.tw,9,Hooters 美式餐廳,brand_owned_candidate,pending_direct_confirmation,candidate_for_site_measurement,not_yet_human_confirmed,"Search result is a lead, not evidence. Direct page review is required."
036,Hooters Xinyi 美式餐廳,3,https://www.hooters.com.tw/en/about-hooters/,hooters.com.tw,9,About Hooters - Hooters 美式餐廳,brand_owned_candidate,pending_direct_confirmation,candidate_for_site_measurement,not_yet_human_confirmed,"Search result is a lead, not evidence. Direct page review is required."
037,凱林鐵板燒,1,https://shop.ichefpos.com/store/W0Pub0oa/ordering,shop.ichefpos.com,8,凱林鐵板燒 信義威秀店 | Menu & Order - iCHEF Online Store,booking_platform,no,supplementary_store_lead_only,not_yet_human_confirmed,"Search result is a lead, not evidence. Direct page review is required."
038,DA ANTONIO By 大安東尼,1,https://daantonio.oddle.me/zh_TW,daantonio.oddle.me,14,DA ANTONIO義大利餐廳- 線上訂餐、外帶外送官網,booking_platform,no,supplementary_store_lead_only,not_yet_human_confirmed,"Search result is a lead, not evidence. Direct page review is required."
038,DA ANTONIO By 大安東尼,2,https://globalfoodelicious.com/da-antonio-taipei-101/,globalfoodelicious.com,4,Da Antonio Restaurant 》台北 101 大安東尼義大利餐廳 - 娜姐 FOODELICIOUS,unresolved_domain,no,unresolved_lead_only,not_yet_human_confirmed,"Search result is a lead, not evidence. Direct page review is required."
038,DA ANTONIO By 大安東尼,3,https://auntie.tw/da-antonio/,auntie.tw,4,【台北】DA ANTONIO 大安東尼 By 隨意鳥地方台北101，脆皮豬腳、經典米蘭奶油蟹肉泡芙，中價位義大利料理推薦 – 水晶安蹄 不務正業過生活,unresolved_domain,no,unresolved_lead_only,not_yet_human_confirmed,"Search result is a lead, not evidence. Direct page review is required."
039,樂天皇朝台灣,1,https://paradisegrouptw.oddle.me/zh_TW,paradisegrouptw.oddle.me,5,樂天皇朝 - 外帶外送專區,booking_platform,no,supplementary_store_lead_only,not_yet_human_confirmed,"Search result is a lead, not evidence. Direct page review is required."
040,TGI Friday's,1,https://tgifridays.com.tw/,tgifridays.com.tw,9,TGI FRIDAYS 星期五美式餐廳,brand_owned_candidate,pending_direct_confirmation,candidate_for_site_measurement,not_yet_human_confirmed,"Search result is a lead, not evidence. Direct page review is required."
040,TGI Friday's,2,https://www.tgifridays.com.tw/food,tgifridays.com.tw,9,TGI FRIDAYS 星期五美式餐廳,brand_owned_candidate,pending_direct_confirmation,candidate_for_site_measurement,not_yet_human_confirmed,"Search result is a lead, not evidence. Direct page review is required."
040,TGI Friday's,3,https://tgifridays.com.tw/index.php/about-us,tgifridays.com.tw,9,關於我們,brand_owned_candidate,pending_direct_confirmation,candidate_for_site_measurement,not_yet_human_confirmed,"Search result is a lead, not evidence. Direct page review is required."
041,欣葉日本料理信義店,1,https://www.shinyeh.com.tw/content/zh/brand/Store.aspx?BrandId=4&Id=13,shinyeh.com.tw,6,分店資訊 | 欣葉國際餐飲集團,brand_owned_candidate,pending_direct_confirmation,candidate_for_site_measurement,not_yet_human_confirmed,"Search result is a lead, not evidence. Direct page review is required."
042,莫爾頓牛排館,1,https://carfun.tw/food/52149/,carfun.tw,7,台北聖誕節年末聚餐約會精選，「莫爾頓牛排館」限量推出世界頂級和牛系列 - CarFun 玩車誌｜玩樂生活、輕鬆懂車,known_third_party,no,discovery_lead_only,not_yet_human_confirmed,"Search result is a lead, not evidence. Direct page review is required."
043,春水堂－信義新光三越A9店,1,https://rsv.skm.com.tw/groups/skm-xinyi/companies/-KsqbueWIURxuxAQ8EIy:inline-live-chunshuitang/restaurants/-KsqbufnXi_ftq44E7bU/takeout?request_locale=en_US,rsv.skm.com.tw,8,春水堂人文茶館線上外帶｜台北信義新天地A9｜新光三越,official_venue_page,no,store_eligibility_only,not_yet_human_confirmed,"Search result is a lead, not evidence. Direct page review is required."
043,春水堂－信義新光三越A9店,2,https://rsv.skm.com.tw/groups/skm-xinyi/companies/-KsqbueWIURxuxAQ8EIy:inline-live-chunshuitang/restaurants/-KsqbufnXi_ftq44E7bU/waiting,rsv.skm.com.tw,8,春水堂人文茶館線上候位｜台北信義新天地A9｜新光三越,official_venue_page,no,store_eligibility_only,not_yet_human_confirmed,"Search result is a lead, not evidence. Direct page review is required."
043,春水堂－信義新光三越A9店,3,https://www.skm.com.tw/brand/12289,skm.com.tw,8,春水堂 專櫃/門市｜新光三越 | 新光百貨首頁 | 最新優惠 | SKM官方網站,official_venue_page,no,store_eligibility_only,not_yet_human_confirmed,"Search result is a lead, not evidence. Direct page review is required."
044,瓦城泰國料理－台北阪急店,1,https://wa10-thaitown.oddle.me/zh_TW,wa10-thaitown.oddle.me,7,瓦城泰國料理 | 線上點餐外帶/外送專區,booking_platform,no,supplementary_store_lead_only,not_yet_human_confirmed,"Search result is a lead, not evidence. Direct page review is required."
044,瓦城泰國料理－台北阪急店,2,https://www.thaitown.com.tw/tw/store,thaitown.com.tw,6,分店資訊| 瓦城Thai Town Cuisine,brand_owned_candidate,pending_direct_confirmation,candidate_for_site_measurement,not_yet_human_confirmed,"Search result is a lead, not evidence. Direct page review is required."
045,GB鮮釀餐廳信義店,,,,,,no_ranked_lead,no_data,none,requires_additional_source_search,No ranked lead was observed; this is not evidence that no official site exists.
046,Bel Air Bar & Grill,1,https://www.myfunnow.com/en/branches/2651,myfunnow.com,5,"Bel Air Bar and Grill｜Grand Hyatt Taipei | FunNow - On-demand online booking platform for Restaurants, Accommodations, and Massages",booking_platform,no,supplementary_store_lead_only,not_yet_human_confirmed,"Search result is a lead, not evidence. Direct page review is required."
046,Bel Air Bar & Grill,2,https://nasheat.tw/bel-air/,nasheat.tw,4,終於來朝聖威靈頓牛排，香脆的酥皮搭配軟嫩的菲力，超級讚!!,unresolved_domain,no,unresolved_lead_only,not_yet_human_confirmed,"Search result is a lead, not evidence. Direct page review is required."
046,Bel Air Bar & Grill,3,https://www.postcard.inc/places/bel-air-bar-and-grill-grand-hyatt-taipei-taipei,postcard.inc,4,Bel Air Bar & Grill Grand Hyatt Taipei,unresolved_domain,no,unresolved_lead_only,not_yet_human_confirmed,"Search result is a lead, not evidence. Direct page review is required."
047,茶苑－台北君悅酒店,1,https://www.tablecheck.com/zh-TW/shops/grand-hyatt-taipei-cha-lounge/reserve,tablecheck.com,10,茶苑 - 台北君悅酒店 - TableCheck,booking_platform,no,supplementary_store_lead_only,not_yet_human_confirmed,"Search result is a lead, not evidence. Direct page review is required."
047,茶苑－台北君悅酒店,2,https://www.tablecheck.com/zh-TW/grand-hyatt-taipei-cha-lounge/reserve,tablecheck.com,9,茶苑 - 台北君悦酒店 - TableCheck,booking_platform,no,supplementary_store_lead_only,not_yet_human_confirmed,"Search result is a lead, not evidence. Direct page review is required."
047,茶苑－台北君悅酒店,3,https://www.myfunnow.com/zh-tw/branches/2653,myfunnow.com,5,君悅｜茶苑｜台北 101 / 世貿站 | FunNow - 線上即時預訂餐廳、住宿、按摩,booking_platform,no,supplementary_store_lead_only,not_yet_human_confirmed,"Search result is a lead, not evidence. Direct page review is required."
048,漂亮台式海鮮餐廳,,,,,,no_ranked_lead,no_data,none,requires_additional_source_search,No ranked lead was observed; this is not evidence that no official site exists.
049,燒肉同話－台北光復南店,1,https://misshuan.tw/chagether-yakiniku-2019-0710/,misshuan.tw,4,捷運台北101/世貿站美食【燒肉同話/光復南店】也有像台中燒肉套餐系列喔！變裝自己DIY！聚餐聚會！ - 瓦妮又在吃,unresolved_domain,no,unresolved_lead_only,not_yet_human_confirmed,"Search result is a lead, not evidence. Direct page review is required."
050,厲家菜,1,https://www.bellavita.com.tw/dining/familyli.php,bellavita.com.tw,8,厲家菜 宮廷御膳料理,official_venue_page,no,store_eligibility_only,not_yet_human_confirmed,"Search result is a lead, not evidence. Direct page review is required."
050,厲家菜,2,https://www.bellavita.com.tw/cht/store.php?d=112,bellavita.com.tw,8,厲家菜宮廷御膳料理 - BELLAVITA,official_venue_page,no,store_eligibility_only,not_yet_human_confirmed,"Search result is a lead, not evidence. Direct page review is required."
051,小南門傳統豆花美食,,,,,,no_ranked_lead,no_data,none,requires_additional_source_search,No ranked lead was observed; this is not evidence that no official site exists.
052,徐淮人家,1,https://bigpipi.tw/xu-huai-renjia/,bigpipi.tw,7,【南京復興站美食】徐淮人家，台北徐州菜餐廳推薦 （價錢） @翹臀吃四方,known_third_party,no,discovery_lead_only,not_yet_human_confirmed,"Search result is a lead, not evidence. Direct page review is required."
053,夜上海,,,,,,no_ranked_lead,no_data,none,requires_additional_source_search,No ranked lead was observed; this is not evidence that no official site exists.
054,Joyce East,1,https://www.joycecafetw.com/JOYCEEAST/?action=menu,joycecafetw.com,9,JOYCE EAST,brand_owned_candidate,pending_direct_confirmation,candidate_for_site_measurement,not_yet_human_confirmed,"Search result is a lead, not evidence. Direct page review is required."
054,Joyce East,2,https://joycecafetw.com/JOYCEEAST/?action=contact,joycecafetw.com,9,JOYCE EAST,brand_owned_candidate,pending_direct_confirmation,candidate_for_site_measurement,not_yet_human_confirmed,"Search result is a lead, not evidence. Direct page review is required."
054,Joyce East,3,https://joycecafetw.com/JOYCEEAST/?action=index,joycecafetw.com,9,JOYCE EAST,brand_owned_candidate,pending_direct_confirmation,candidate_for_site_measurement,not_yet_human_confirmed,"Search result is a lead, not evidence. Direct page review is required."
055,添好運台北信義店,1,https://donna.tw/timhowan/,donna.tw,7,添好運｜最新消息、菜單及分店資訊 (持續更新中),known_third_party,no,discovery_lead_only,not_yet_human_confirmed,"Search result is a lead, not evidence. Direct page review is required."
056,Ziga Zaga－台北君悅酒店,1,https://www.myfunnow.com/zh-tw/branches/2668,myfunnow.com,5,君悅｜Ziga Zaga｜義大利餐廳 | FunNow - 線上即時預訂餐廳、住宿、按摩,booking_platform,no,supplementary_store_lead_only,not_yet_human_confirmed,"Search result is a lead, not evidence. Direct page review is required."
056,Ziga Zaga－台北君悅酒店,2,https://kenalice.tw/blog/post/ziga-zaga,kenalice.tw,4,【台北信義美食】君悅酒店「Ziga Zaga」30年如一日的道地義式料理餐廳，歷久彌新的經典菜色佐Live樂團曼妙歌聲，沒喝酒都會令人沉醉的夜晚,unresolved_domain,no,unresolved_lead_only,not_yet_human_confirmed,"Search result is a lead, not evidence. Direct page review is required."
056,Ziga Zaga－台北君悅酒店,3,https://girlsplan.com/zigazaga/,girlsplan.com,4,ZIGA ZAGA 義大利餐廳｜台北君悅酒店期間限定有夠義思吃到飽(菜單) @女子的休假計劃,unresolved_domain,no,unresolved_lead_only,not_yet_human_confirmed,"Search result is a lead, not evidence. Direct page review is required."
057,原木燒烤餐廳 Wildwood,1,https://www.wildwood.com.tw/index_ch.php,wildwood.com.tw,9,wildwood live fire cuisine - 原木燒烤賦予現代料理方式所無法複製的獨特迷人風味,brand_owned_candidate,pending_direct_confirmation,candidate_for_site_measurement,not_yet_human_confirmed,"Search result is a lead, not evidence. Direct page review is required."
057,原木燒烤餐廳 Wildwood,2,https://havefunday.com/taiwan-foods/taipei-foods-09/,havefunday.com,4,WILDWOOD 原木燒烤牛排海鮮餐廳｜米其林餐盤推薦 －嗨放HaveFunDay,unresolved_domain,no,unresolved_lead_only,not_yet_human_confirmed,"Search result is a lead, not evidence. Direct page review is required."
057,原木燒烤餐廳 Wildwood,3,https://demimondetw.com/wildwood/,demimondetw.com,4,美食家圖鑑：台北 Wildwood 原木燒烤｜善用自然原食的迷人燻香。 – 半上流社會 Demi Monde,unresolved_domain,no,unresolved_lead_only,not_yet_human_confirmed,"Search result is a lead, not evidence. Direct page review is required."
058,日本橋海鮮丼 辻半－微風信義店,1,https://bigpipi.tw/tsujihan-breeze-xinyi/,bigpipi.tw,4,【微風信義美食】日本橋海鮮丼辻半，一丼二吃可變茶泡飯（菜單 價錢） @翹臀吃四方,known_third_party,no,discovery_lead_only,not_yet_human_confirmed,"Search result is a lead, not evidence. Direct page review is required."
058,日本橋海鮮丼 辻半－微風信義店,2,https://zhujunmuqing.com/tsujihan-taipei/,zhujunmuqing.com,4,【台北美食】日本橋海鮮丼辻半Tsujihan｜海鮮珠寶盒 鯛魚湯漬飯｜一丼二食 – 竹木青，覓食路上不迷失,unresolved_domain,no,unresolved_lead_only,not_yet_human_confirmed,"Search result is a lead, not evidence. Direct page review is required."
058,日本橋海鮮丼 辻半－微風信義店,3,https://tsujihan.kingoshou.com/,tsujihan.kingoshou.com,4,日本橋海鮮丼 辻半Tsujihan,unresolved_domain,no,unresolved_lead_only,not_yet_human_confirmed,"Search result is a lead, not evidence. Direct page review is required."
059,穆記小吃牛肉麵館,,,,,,no_ranked_lead,no_data,none,requires_additional_source_search,No ranked lead was observed; this is not evidence that no official site exists.
060,橘色涮涮屋新光三越A9店,1,https://rsv.skm.com.tw/groups/skm-xinyi/companies/-LL7w1Y0HNb5dvdA1v7N:inline-live-2a466/restaurants/-LL7w1n6jfj2G-vhT__F/booking,rsv.skm.com.tw,6,橘色涮涮屋線上訂位｜台北信義新天地A9｜新光三越,official_venue_page,no,store_eligibility_only,not_yet_human_confirmed,"Search result is a lead, not evidence. Direct page review is required."
060,橘色涮涮屋新光三越A9店,2,https://kenji.life/orange-shabu-tch/,kenji.life,5,橘色涮涮屋(台中新光三越店) | 高檔肉品食材新鮮精緻，全程專業貼心的桌邊服務吃火鍋真是好享受。 - 帶著心去旅行,known_third_party,no,discovery_lead_only,not_yet_human_confirmed,"Search result is a lead, not evidence. Direct page review is required."
060,橘色涮涮屋新光三越A9店,3,https://www.skm.com.tw/skmmedia/39a0ae86-8af3-4887-b62e-99186446dd8e,skm.com.tw,5,橘色涮涮屋 - 兼具雅緻與尊榮感的美味｜新光三越百貨,official_venue_page,no,store_eligibility_only,not_yet_human_confirmed,"Search result is a lead, not evidence. Direct page review is required."
061,時時香－微風南山店,1,https://ricebar.com.tw/tw/store,ricebar.com.tw,10,分店資訊｜時時香 SHANN RICE BAR,brand_owned_candidate,pending_direct_confirmation,candidate_for_site_measurement,not_yet_human_confirmed,"Search result is a lead, not evidence. Direct page review is required."
061,時時香－微風南山店,2,https://www.breeze.com.tw/stores/2445,breeze.com.tw,8,時時香 - Breeze Center 微風廣場,official_venue_page,no,store_eligibility_only,not_yet_human_confirmed,"Search result is a lead, not evidence. Direct page review is required."
061,時時香－微風南山店,3,https://www.adriannelife.com/blog/ricebar,adriannelife.com,4,【台北信義區美食】時時香 RICE BAR 微風南山店，瓦城集團旗下的中式餐廳！ - 倩兒☓魯蛋 ❤ 夢享生活,unresolved_domain,no,unresolved_lead_only,not_yet_human_confirmed,"Search result is a lead, not evidence. Direct page review is required."
062,L.A PHO 越南美食餐廳,1,https://www.ialley.tw/store/show/12682,ialley.tw,5,L.A PHO 越南美食餐廳 - 券券,known_third_party,no,discovery_lead_only,not_yet_human_confirmed,"Search result is a lead, not evidence. Direct page review is required."
062,L.A PHO 越南美食餐廳,2,https://www.foodytw.com/review/4676,foodytw.com,4,【台北信義區夜店旁—LA.PHO美式越南餐廳】 - Foody 吃貨,unresolved_domain,no,unresolved_lead_only,not_yet_human_confirmed,"Search result is a lead, not evidence. Direct page review is required."
062,L.A PHO 越南美食餐廳,3,https://muzi.com.tw/taipei-l-a-pho/,muzi.com.tw,4,信義區Neo19美式越南料理「LA PHO 越南美食餐廳」美味越式推薦,unresolved_domain,no,unresolved_lead_only,not_yet_human_confirmed,"Search result is a lead, not evidence. Direct page review is required."
063,寒舍食譜－台北寒舍艾美酒店,1,https://www.tablecheck.com/zh-TW/le-meridien-taipei-my-humble-house/reserve,tablecheck.com,9,寒舍食譜 - 台北寒舍艾美酒店 - TableCheck,booking_platform,no,supplementary_store_lead_only,not_yet_human_confirmed,"Search result is a lead, not evidence. Direct page review is required."
063,寒舍食譜－台北寒舍艾美酒店,2,https://www.lemeridien-taipei.com/websev?lang=zh-tw&type=0&cat=22&id=770,lemeridien-taipei.com,7,台北寒舍艾美酒店 - Le Méridien Taipei,official_venue_page,no,store_eligibility_only,not_yet_human_confirmed,"Search result is a lead, not evidence. Direct page review is required."
063,寒舍食譜－台北寒舍艾美酒店,3,https://vivianexplore.tw/my-humble-house/,vivianexplore.tw,4,【2026寒舍食譜】台北寒舍艾美粵菜推薦｜老廣味菜單、必點料理一次看,unresolved_domain,no,unresolved_lead_only,not_yet_human_confirmed,"Search result is a lead, not evidence. Direct page review is required."
064,The Ukai Taipei,1,https://www.ukai.co.jp/ct/taipei/,ukai.co.jp,9,THE UKAI TAIPEI 鐵板燒・割烹料理,brand_owned_candidate,pending_direct_confirmation,candidate_for_site_measurement,not_yet_human_confirmed,"Search result is a lead, not evidence. Direct page review is required."
064,The Ukai Taipei,2,https://roakuo.com/2025/06/the-ukai-taipei.html,roakuo.com,4,[台北] 頂級日式鐵板燒，The Ukai Taipei • 鍵盤美食家週記,unresolved_domain,no,unresolved_lead_only,not_yet_human_confirmed,"Search result is a lead, not evidence. Direct page review is required."
064,The Ukai Taipei,3,https://globalfoodelicious.com/the-ukai-taipei/,globalfoodelicious.com,4,The Ukai Taipei 》在微風南山 46 樓美食餐廳品嚐日式割烹料理 - 娜姐 FOODELICIOUS,unresolved_domain,no,unresolved_lead_only,not_yet_human_confirmed,"Search result is a lead, not evidence. Direct page review is required."
065,愛爾蘭瘋薯（信義威秀）,,,,,,no_ranked_lead,no_data,none,requires_additional_source_search,No ranked lead was observed; this is not evidence that no official site exists.
066,85TD Chinese Restaurant,1,https://85td-chinese-restaurant.wheree.com/,85td-chinese-restaurant.wheree.com,14,"捌伍添第 85td Chinese Restaurant - Reviews, Photos & Phone Number - Updated February 2026 - Grocery Stores in 光信里, Da'an District - Wheree",known_third_party,no,discovery_lead_only,not_yet_human_confirmed,"Search result is a lead, not evidence. Direct page review is required."
066,85TD Chinese Restaurant,2,https://www.85td-101.com/portal_d800.php?owner_num=d800_92169&button_num=d800,85td-101.com,9,捌伍添第 85TD-OurCuisine,brand_owned_candidate,pending_direct_confirmation,candidate_for_site_measurement,not_yet_human_confirmed,"Search result is a lead, not evidence. Direct page review is required."
066,85TD Chinese Restaurant,3,https://www.85td-101.com/index.php?website_language_id=3,85td-101.com,9,捌伍添第 85TD,brand_owned_candidate,pending_direct_confirmation,candidate_for_site_measurement,not_yet_human_confirmed,"Search result is a lead, not evidence. Direct page review is required."
067,JK STUDIO,1,https://jkstudio.tw/,jkstudio.tw,7,JK STUDIO,brand_owned_candidate,pending_direct_confirmation,candidate_for_site_measurement,not_yet_human_confirmed,"Search result is a lead, not evidence. Direct page review is required."
068,雲錦中餐廳－台北君悅酒店,1,https://www.tablecheck.com/zh-TW/shops/grand-hyatt-taipei-yun-jin/reserve,tablecheck.com,10,雲錦中餐廳 - 台北君悅酒店 - TableCheck,booking_platform,no,supplementary_store_lead_only,not_yet_human_confirmed,"Search result is a lead, not evidence. Direct page review is required."
068,雲錦中餐廳－台北君悅酒店,2,https://www.hyatt.com/grand-hyatt/zh-HK/taigh-grand-hyatt-taipei/dining/yun-jin,hyatt.com,10,雲錦 | 正宗中餐廳,official_venue_page,no,store_eligibility_only,not_yet_human_confirmed,"Search result is a lead, not evidence. Direct page review is required."
068,雲錦中餐廳－台北君悅酒店,3,https://www.tablecheck.com/zh-TW/grand-hyatt-taipei-yun-jin/reserve,tablecheck.com,9,雲錦中餐廳 - 台北君悦酒店 - TableCheck,booking_platform,no,supplementary_store_lead_only,not_yet_human_confirmed,"Search result is a lead, not evidence. Direct page review is required."
069,味美早餐店 Wei Mei Breakfast Restaurant,,,,,,no_ranked_lead,no_data,none,requires_additional_source_search,No ranked lead was observed; this is not evidence that no official site exists.
070,TWG Tea at Taipei 101,1,https://twgtea.com/en/locations/taiwan/twg-tea-at-taipei-101,twgtea.com,5,TWG Tea at Taipei 101,brand_owned_candidate,pending_direct_confirmation,candidate_for_site_measurement,not_yet_human_confirmed,"Search result is a lead, not evidence. Direct page review is required."
070,TWG Tea at Taipei 101,2,https://autoreserve.com/zh-tw/restaurants/CUV7xR6LK2Et6mGx2csH,autoreserve.com,5,"TWG Tea at Taipei 101 B1預約 | 信義區, 臺北市 | 美國西南料理 | AutoReserve",booking_platform,no,supplementary_store_lead_only,not_yet_human_confirmed,"Search result is a lead, not evidence. Direct page review is required."
071,Just Grill,1,https://bigpipi.tw/regent-just-grill/,bigpipi.tw,4,【市政府站美食】Just Grill，誠品信義餐廳推薦 晶華酒店館外牛排館（菜單） @翹臀吃四方,known_third_party,no,discovery_lead_only,not_yet_human_confirmed,"Search result is a lead, not evidence. Direct page review is required."
072,永心鳳茶,1,https://rsv.skm.com.tw/groups/xinyifoodmap/companies/-LEO0Wi6KTG-6jjVTURQ:inline-live-2a466/restaurants/-LEO0Wi6KTG-6jjVTURR/booking,rsv.skm.com.tw,8,永心鳳茶線上訂位｜信義商圈｜新光三越,official_venue_page,no,store_eligibility_only,not_yet_human_confirmed,"Search result is a lead, not evidence. Direct page review is required."
072,永心鳳茶,2,https://rsv.skm.com.tw/restaurant_stores/-LEO0Wi6KTG-6jjVTURQ:inline-live-2a466?request_locale=zh_TW,rsv.skm.com.tw,7,永心鳳茶- 美食地圖,official_venue_page,no,store_eligibility_only,not_yet_human_confirmed,"Search result is a lead, not evidence. Direct page review is required."
073,歐帕希臘小館,,,,,,no_ranked_lead,no_data,none,requires_additional_source_search,No ranked lead was observed; this is not evidence that no official site exists.
074,Osteria by Angie,1,https://xinyi.osteria.com.tw/,xinyi.osteria.com.tw,9,【Osteria by Angie】安琪餐飲集團 / 台北微風信義店,brand_owned_candidate,pending_direct_confirmation,candidate_for_site_measurement,not_yet_human_confirmed,"Search result is a lead, not evidence. Direct page review is required."
074,Osteria by Angie,2,https://www.osteria.com.tw/,osteria.com.tw,9,【Osteria by Angie】安琪餐飲集團,brand_owned_candidate,pending_direct_confirmation,candidate_for_site_measurement,not_yet_human_confirmed,"Search result is a lead, not evidence. Direct page review is required."
074,Osteria by Angie,3,https://dazhi.osteria.com.tw/,dazhi.osteria.com.tw,9,Osteria by Angie / 台北大直店,brand_owned_candidate,pending_direct_confirmation,candidate_for_site_measurement,not_yet_human_confirmed,"Search result is a lead, not evidence. Direct page review is required."
075,紅花鐵板燒－台北101旗艦店,,,,,,no_ranked_lead,no_data,none,requires_additional_source_search,No ranked lead was observed; this is not evidence that no official site exists.
076,開飯川食堂－台北阪急店,,,,,,no_ranked_lead,no_data,none,requires_additional_source_search,No ranked lead was observed; this is not evidence that no official site exists.
077,珍寶海鮮台北信義店,,,,,,no_ranked_lead,no_data,none,requires_additional_source_search,No ranked lead was observed; this is not evidence that no official site exists.
078,酮版低糖餐廳,,,,,,no_ranked_lead,no_data,none,requires_additional_source_search,No ranked lead was observed; this is not evidence that no official site exists.
079,金色三麥－微風南山店,1,https://www.lebledor.com/location/umami,lebledor.com,5,UMAMI 微風南山店- LE BLE D'OR 金色三麥,brand_owned_candidate,pending_direct_confirmation,candidate_for_site_measurement,not_yet_human_confirmed,"Search result is a lead, not evidence. Direct page review is required."
079,金色三麥－微風南山店,2,https://www.weddingday.com.tw/store-venue/4895,weddingday.com.tw,5,UMAMI 金色三麥 微風南山店，位於 台北市 的婚宴場地 | WeddingDay好婚市集,known_third_party,no,discovery_lead_only,not_yet_human_confirmed,"Search result is a lead, not evidence. Direct page review is required."
079,金色三麥－微風南山店,3,https://cinnachic.com/lebledor-umami/,cinnachic.com,4,【信義景觀餐廳】UMAMI 金色三麥。微風南山奢華優雅的金色三麥，朋友聚餐、約會首選！ - 琦那旅途中,unresolved_domain,no,unresolved_lead_only,not_yet_human_confirmed,"Search result is a lead, not evidence. Direct page review is required."
080,稻舍食館－統一時代店,1,https://www.uni-ustyle.com.tw/zh-tw/brand-floor/146,uni-ustyle.com.tw,10,稻舍食館 - 統一時代百貨台北店丨DREAM PLAZA,official_venue_page,no,store_eligibility_only,not_yet_human_confirmed,"Search result is a lead, not evidence. Direct page review is required."
080,稻舍食館－統一時代店,2,https://www.rice1923.com/blogs/menu,rice1923.com,7,各店菜單 稻舍食館,brand_owned_candidate,pending_direct_confirmation,candidate_for_site_measurement,not_yet_human_confirmed,"Search result is a lead, not evidence. Direct page review is required."
080,稻舍食館－統一時代店,3,https://www.rice1923.com/blogs/%E9%96%80%E5%B8%82/192871,rice1923.com,4,統一時代店介紹及菜單 稻舍食館,brand_owned_candidate,pending_direct_confirmation,candidate_for_site_measurement,not_yet_human_confirmed,"Search result is a lead, not evidence. Direct page review is required."
081,點點心,,,,,,no_ranked_lead,no_data,none,requires_additional_source_search,No ranked lead was observed; this is not evidence that no official site exists.
082,Herbivore,1,https://www.skm.com.tw/brand/10916,skm.com.tw,8,HERBIVORE 專櫃/門市,official_venue_page,no,store_eligibility_only,not_yet_human_confirmed,"Search result is a lead, not evidence. Direct page review is required."
082,Herbivore,2,https://rsv.skm.com.tw/groups/skm-xinyi/companies/-L5wnYckLfBZ4pukt3Vi/restaurants/-L5wnYclCp0v3yPTj19T/booking,rsv.skm.com.tw,8,HERBIVORE線上訂位｜台北信義新天地A4｜新光三越,official_venue_page,no,store_eligibility_only,not_yet_human_confirmed,"Search result is a lead, not evidence. Direct page review is required."
082,Herbivore,3,https://rsv.skm.com.tw/groups/skm-xinyi/companies/-L5wnYckLfBZ4pukt3Vi/restaurants/-L5wnYclCp0v3yPTj19T/takeout?request_locale=en_US,rsv.skm.com.tw,8,HERBIVORE線上外帶｜台北信義新天地A4｜新光三越,official_venue_page,no,store_eligibility_only,not_yet_human_confirmed,"Search result is a lead, not evidence. Direct page review is required."
083,Cheers－台北君悅酒店,1,https://www.tablecheck.com/zh-TW/shops/grand-hyatt-taipei-cheers/reserve,tablecheck.com,10,Cheers 歡飲廊 - 台北君悅酒店 - TableCheck,booking_platform,no,supplementary_store_lead_only,not_yet_human_confirmed,"Search result is a lead, not evidence. Direct page review is required."
084,非常泰概念餐坊－Neo19店,1,https://www.verythai.com.tw/tw/store,verythai.com.tw,6,分店資訊| 非常泰Very Thai Restaurant & Bar,brand_owned_candidate,pending_direct_confirmation,candidate_for_site_measurement,not_yet_human_confirmed,"Search result is a lead, not evidence. Direct page review is required."
085,段純貞牛肉麵,,,,,,no_ranked_lead,no_data,none,requires_additional_source_search,No ranked lead was observed; this is not evidence that no official site exists.
086,燒肉中山 Zonzen,1,https://www.zonzen.com.tw/,zonzen.com.tw,9,燒肉中山｜板前中山｜中山 Red Label｜四行倉庫｜中山家餐飲,brand_owned_candidate,pending_direct_confirmation,candidate_for_site_measurement,not_yet_human_confirmed,"Search result is a lead, not evidence. Direct page review is required."
086,燒肉中山 Zonzen,2,https://shiningchan.com/blog/post/362644565/,shiningchan.com,4,台北信義區美食｜燒肉中山｜高檔次日式燒肉伴百萬夜景，約會、慶生首選 - Shining｜旅行記事,unresolved_domain,no,unresolved_lead_only,not_yet_human_confirmed,"Search result is a lead, not evidence. Direct page review is required."
087,Seasons by Olivier E.,1,https://www.tatlerasia.com/dining/food/2023-seasons-by-olivier-e,tatlerasia.com,5,台北法餐「Seasons by olivier e.」新開幕：親民價位吃米其林主廚獨特美饌、坐擁信義區百萬夜景 | Tatler Asia,known_third_party,no,discovery_lead_only,not_yet_human_confirmed,"Search result is a lead, not evidence. Direct page review is required."
087,Seasons by Olivier E.,2,https://www.tw-tw.com.tw/breaking-news/2024/seasons-by-olivier-e/,tw-tw.com.tw,4,現代法式餐廳Seasons by olivier e. 歡慶一週年,unresolved_domain,no,unresolved_lead_only,not_yet_human_confirmed,"Search result is a lead, not evidence. Direct page review is required."
088,瓦城泰國料理－松山車站店,1,https://www.thaitown.com.tw/tw/store,thaitown.com.tw,6,分店資訊| 瓦城Thai Town Cuisine,brand_owned_candidate,pending_direct_confirmation,candidate_for_site_measurement,not_yet_human_confirmed,"Search result is a lead, not evidence. Direct page review is required."
088,瓦城泰國料理－松山車站店,2,https://www.citylink.tw/songshan/?p=988,citylink.tw,5,瓦城｜2F – CITYLINK松山壹號店 — 幸福車站、旅途中的小確幸,official_venue_page,no,store_eligibility_only,not_yet_human_confirmed,"Search result is a lead, not evidence. Direct page review is required."
089,The Chapter Cafe,1,https://www.eslitehotel.com/restaurant/the-chapter/,eslitehotel.com,10,The Chapter Café - 台北,official_venue_page,no,store_eligibility_only,not_yet_human_confirmed,"Search result is a lead, not evidence. Direct page review is required."
089,The Chapter Cafe,2,https://meet.eslite.com/tw/tc/catering/201803230002,meet.eslite.com,9,The Chapter Café的服務資訊- 迷誠品,official_venue_page,no,store_eligibility_only,not_yet_human_confirmed,"Search result is a lead, not evidence. Direct page review is required."
089,The Chapter Cafe,3,https://wallacewang.tw/3302,wallacewang.tw,9,The Chapter Café｜誠品行旅的無國界潮食創意料理，擁抱松菸最美景色,known_third_party,no,discovery_lead_only,not_yet_human_confirmed,"Search result is a lead, not evidence. Direct page review is required."
090,One Rule,1,https://www.onerule.com.tw/,onerule.com.tw,9,ONE RULE Taipei,brand_owned_candidate,pending_direct_confirmation,candidate_for_site_measurement,not_yet_human_confirmed,"Search result is a lead, not evidence. Direct page review is required."
090,One Rule,2,https://www.onerule.com.tw/en/menu/,onerule.com.tw,9,主菜單 - ONE RULE Taipei,brand_owned_candidate,pending_direct_confirmation,candidate_for_site_measurement,not_yet_human_confirmed,"Search result is a lead, not evidence. Direct page review is required."
090,One Rule,3,https://hansphoto.tw/onerule/,hansphoto.tw,4,ONE RULE Taipei 複合式酒吧，提供療癒富設計感的空間，在絕美Taipei 101夜景襯托下享用專業又美味的多樣化創意料理與各式酒品，台北信義區酒吧超推薦 | 翰斯輕旅攝,unresolved_domain,no,unresolved_lead_only,not_yet_human_confirmed,"Search result is a lead, not evidence. Direct page review is required."
091,勝博殿日式炸豬排,1,https://rsv.skm.com.tw/restaurant_stores/-KuUwaEhVKljatiaBnAM:inline-live-2a466?request_locale=en_US,rsv.skm.com.tw,12,勝博殿日式炸豬排,official_venue_page,no,store_eligibility_only,not_yet_human_confirmed,"Search result is a lead, not evidence. Direct page review is required."
091,勝博殿日式炸豬排,2,https://rsv.skm.com.tw/groups/skm-TaipeiStation/companies/-KuUwaEhVKljatiaBnAM:inline-live-2a466/restaurants/-L2NxPzX5WYeEqtGwAHE/booking,rsv.skm.com.tw,8,勝博殿日式炸豬排線上訂位｜台北站前店｜新光三越,official_venue_page,no,store_eligibility_only,not_yet_human_confirmed,"Search result is a lead, not evidence. Direct page review is required."
092,輪輪1976 和食茶酒驛,1,https://rsv.skm.com.tw/groups/skm-xinyi/companies/-NC3Nl3c-Wxe10PwyfKp:inline-live-1/restaurants/-NC3NlJLgEocWuI8a2co/waiting?request_locale=en_US,rsv.skm.com.tw,6,輪輪1976 和食茶酒駅線上候位｜台北信義新天地A11｜新光三越,official_venue_page,no,store_eligibility_only,not_yet_human_confirmed,"Search result is a lead, not evidence. Direct page review is required."
093,Khana Khazana Indian Kitchen,1,https://khanakhazana.us/,khanakhazana.us,9,KK New Home - Khana Khazana Indian Kitchen,known_third_party,no,discovery_lead_only,not_yet_human_confirmed,"Search result is a lead, not evidence. Direct page review is required."
094,施家麻油腰花,,,,,,no_ranked_lead,no_data,none,requires_additional_source_search,No ranked lead was observed; this is not evidence that no official site exists.
095,鯤壽司,,,,,,no_ranked_lead,no_data,none,requires_additional_source_search,No ranked lead was observed; this is not evidence that no official site exists.
096,大心新泰式麵食－台北信義威秀店,1,https://bheartnoodles.com/tw/store,bheartnoodles.com,6,分店資訊| 大心Very Thai Noodles,brand_owned_candidate,pending_direct_confirmation,candidate_for_site_measurement,not_yet_human_confirmed,"Search result is a lead, not evidence. Direct page review is required."
096,大心新泰式麵食－台北信義威秀店,2,https://fooday.app/zh-TW/spots/nQZqtSV33CEKdWnMURMfJ7,fooday.app,4,大心新泰式麵食 - 台北信義威秀店 在 Fooday 美食社群 | 找餐廳不踩雷，最真實的美食 App,known_third_party,no,discovery_lead_only,not_yet_human_confirmed,"Search result is a lead, not evidence. Direct page review is required."
097,納達吉印度料理 Nataraj,1,https://www.foodytw.com/review/8672,foodytw.com,4,Nataraj 納達吉印度料理@台北南京東路 — 華麗細膩的印度料理演繹 - Foody 吃貨,unresolved_domain,no,unresolved_lead_only,not_yet_human_confirmed,"Search result is a lead, not evidence. Direct page review is required."
097,納達吉印度料理 Nataraj,2,https://www.shop1688.com.tw/aom20200226025/,shop1688.com.tw,4,"納達吉印度料理 | 台北印度料理,台北印度餐廳",unresolved_domain,no,unresolved_lead_only,not_yet_human_confirmed,"Search result is a lead, not evidence. Direct page review is required."
098,北平都一處,,,,,,no_ranked_lead,no_data,none,requires_additional_source_search,No ranked lead was observed; this is not evidence that no official site exists.
099,小後苑,,,,,,no_ranked_lead,no_data,none,requires_additional_source_search,No ranked lead was observed; this is not evidence that no official site exists.
100,百家班活蝦店－基隆路店,,,,,,no_ranked_lead,no_data,none,requires_additional_source_search,No ranked lead was observed; this is not evidence that no official site exists.
101,北平陶然亭 Beijing－Do It True,,,,,,no_ranked_lead,no_data,none,requires_additional_source_search,No ranked lead was observed; this is not evidence that no official site exists.
102,NOLA Kitchen－信義店,1,https://iriseating.com/nolakitchentw/,iriseating.com,4,Nola Kitchen紐澳良小廚｜台北老字號美式餐廳，多種美國南方傳統菜。全天精釀啤酒買一送一 – 艾瑞絲的吃貨日常,unresolved_domain,no,unresolved_lead_only,not_yet_human_confirmed,"Search result is a lead, not evidence. Direct page review is required."
102,NOLA Kitchen－信義店,2,https://carina.com.tw/%E3%80%90%E5%8F%B0%E5%8C%97%E4%BF%A1%E7%BE%A9%E7%BE%8E%E9%A3%9F%E3%80%91nola-kitchen-%E7%B4%90%E6%BE%B3%E8%89%AF%E5%B0%8F%E5%BB%9A-%E4%BF%A1%E7%BE%A9%E8%B1%A1%E5%B1%B1%E5%BA%97%EF%BC%9A%E4%B8%80/,carina.com.tw,4,【台北信義美食】Nola Kitchen 紐澳良小廚- 信義象山店：一秒飛到紐奧良，道地南方美式料理︱捷運象山站交通、菜單、評價 – 洋洋的吃喝玩樂,unresolved_domain,no,unresolved_lead_only,not_yet_human_confirmed,"Search result is a lead, not evidence. Direct page review is required."
102,NOLA Kitchen－信義店,3,https://www.popdaily.com.tw/forum/food/1182464,popdaily.com.tw,4,【台北象山】| Nola Kitchen | 適合多人聚餐的南方美式餐廳 推爆鬆餅炸雞 | PopDaily 波波黛莉,unresolved_domain,no,unresolved_lead_only,not_yet_human_confirmed,"Search result is a lead, not evidence. Direct page review is required."
103,阮小越,1,https://toppho-ruan.oddle.me/zh_TW,toppho-ruan.oddle.me,7,阮小越 越南料理訂餐網站,booking_platform,no,supplementary_store_lead_only,not_yet_human_confirmed,"Search result is a lead, not evidence. Direct page review is required."
104,牛かつもと村－遠百信義A13,,,,,,no_ranked_lead,no_data,none,requires_additional_source_search,No ranked lead was observed; this is not evidence that no official site exists.
105,瓦城泰國料理－新光三越信義店,1,https://www.skm.com.tw/brand/12898,skm.com.tw,10,瓦城 專櫃/門市｜新光三越百貨,official_venue_page,no,store_eligibility_only,not_yet_human_confirmed,"Search result is a lead, not evidence. Direct page review is required."
105,瓦城泰國料理－新光三越信義店,2,https://www.thaitown.com.tw/tw/store,thaitown.com.tw,6,分店資訊| 瓦城Thai Town Cuisine,brand_owned_candidate,pending_direct_confirmation,candidate_for_site_measurement,not_yet_human_confirmed,"Search result is a lead, not evidence. Direct page review is required."
105,瓦城泰國料理－新光三越信義店,3,https://buuz.tw/thaitown/,buuz.tw,4,瓦城泰國料理，台中新光三越美味泰式料理，套餐能吃到招牌菜餚，香辣開胃又下飯！ - 霸子。食樂拼圖,unresolved_domain,no,unresolved_lead_only,not_yet_human_confirmed,"Search result is a lead, not evidence. Direct page review is required."
106,黑毛屋信義店,,,,,,no_ranked_lead,no_data,none,requires_additional_source_search,No ranked lead was observed; this is not evidence that no official site exists.
107,陳根找茶,,,,,,no_ranked_lead,no_data,none,requires_additional_source_search,No ranked lead was observed; this is not evidence that no official site exists.
108,戴記獨臭之家,1,https://vegemap.merit-times.com/restaurant_detail/%E6%88%B4%E8%A8%98%E7%8D%A8%E8%87%AD%E4%B9%8B%E5%AE%B6%E8%87%AD%E8%B1%86%E8%85%90%E5%B0%88%E8%B3%A3%E5%BA%97-%E5%8F%B0%E5%8C%97%E5%B8%82%E4%BF%A1%E7%BE%A9%E5%8D%80,vegemap.merit-times.com,7,戴記獨臭之家臭豆腐專賣店-台北市信義區 in 台北市 - 蔬福生活,known_third_party,no,discovery_lead_only,not_yet_human_confirmed,"Search result is a lead, not evidence. Direct page review is required."
109,楓樹韓國烤肉,,,,,,no_ranked_lead,no_data,none,requires_additional_source_search,No ranked lead was observed; this is not evidence that no official site exists.
110,饗泰多－松高店,1,https://www.siammore.com.tw/zh-TW/store/STB005,siammore.com.tw,10,饗泰多 SIAM MORE 泰式風格餐廳 | 官方網站 | 餐廳據點,brand_owned_candidate,pending_direct_confirmation,candidate_for_site_measurement,not_yet_human_confirmed,"Search result is a lead, not evidence. Direct page review is required."
110,饗泰多－松高店,2,https://www.siammore.com.tw/shop.php,siammore.com.tw,5,新泰式風格料理，熱情酸香鮮辣，只為擄獲你的味蕾！來到饗泰多，不用想太多，因為我們都幫你想好了！,brand_owned_candidate,pending_direct_confirmation,candidate_for_site_measurement,not_yet_human_confirmed,"Search result is a lead, not evidence. Direct page review is required."
110,饗泰多－松高店,3,https://woment.com.tw/16484/siam-more/,woment.com.tw,4,饗泰多泰式料理好吃嗎？2026 最新菜單必點推薦與深度評價：解析泰國四大菜系風味，松高店聚餐必看指南,unresolved_domain,no,unresolved_lead_only,not_yet_human_confirmed,"Search result is a lead, not evidence. Direct page review is required."
111,SUBWAY Taipei 101,1,https://www.taipei-101.com.tw/index_en.htm,taipei-101.com.tw,7,台北101 TAIPEI 101,official_venue_page,no,store_eligibility_only,not_yet_human_confirmed,"Search result is a lead, not evidence. Direct page review is required."
111,SUBWAY Taipei 101,2,https://subway.com.tw/,subway.com.tw,7,SUBWAY | 首頁,brand_owned_candidate,pending_direct_confirmation,candidate_for_site_measurement,not_yet_human_confirmed,"Search result is a lead, not evidence. Direct page review is required."
111,SUBWAY Taipei 101,3,https://subway.com.tw/GoWeb2/include/index.php?Page=2,subway.com.tw,7,全臺分店:SUBWAY,brand_owned_candidate,pending_direct_confirmation,candidate_for_site_measurement,not_yet_human_confirmed,"Search result is a lead, not evidence. Direct page review is required."
112,心月懷石日本料理,,,,,,no_ranked_lead,no_data,none,requires_additional_source_search,No ranked lead was observed; this is not evidence that no official site exists.
113,周胖子餃子館－忠孝店,,,,,,no_ranked_lead,no_data,none,requires_additional_source_search,No ranked lead was observed; this is not evidence that no official site exists.
114,Divadlo 捷克公寓,1,https://www.czech.com.tw/,czech.com.tw,4,台北的捷克餐酒館 | Divadlo 捷克公寓,unresolved_domain,no,unresolved_lead_only,not_yet_human_confirmed,"Search result is a lead, not evidence. Direct page review is required."
114,Divadlo 捷克公寓,2,https://www.bella.tw/articles/travel&foodies/27264,bella.tw,4,台北「捷克公寓 」全台唯一捷克餐酒館，道地「燉牛肉佐麵糰子」只在信義區吃得到 | Bella.tw儂儂,unresolved_domain,no,unresolved_lead_only,not_yet_human_confirmed,"Search result is a lead, not evidence. Direct page review is required."
114,Divadlo 捷克公寓,3,https://www.zeczec.com/projects/divadlo,zeczec.com,4,嘖嘖 | Divadlo 捷克公寓 2.0｜ 台灣唯一的捷克餐廳搬家計畫,unresolved_domain,no,unresolved_lead_only,not_yet_human_confirmed,"Search result is a lead, not evidence. Direct page review is required."
115,YABI Kitchen－微風南山店,1,https://kenalice.tw/blog/post/yabi-kitchen,kenalice.tw,4,信義美食「YABI KITCHEN」匯聚亞洲跨界美食並用創意讓經典蛻變出新風貌,unresolved_domain,no,unresolved_lead_only,not_yet_human_confirmed,"Search result is a lead, not evidence. Direct page review is required."
115,YABI Kitchen－微風南山店,2,https://www.bestatos.com/taste/yabi-kitchen/,bestatos.com,4,YABI KITCHEN微風南山店－環遊東亞碰撞新滋味| 最好是 ATOS | 生活本來的樣子,unresolved_domain,no,unresolved_lead_only,not_yet_human_confirmed,"Search result is a lead, not evidence. Direct page review is required."
115,YABI Kitchen－微風南山店,3,https://imcynthia.tw/yabikitchen/,imcynthia.tw,4,【YABI KITCHEN】各種美味的南洋料理一次吃到 | 解悶辛理師,unresolved_domain,no,unresolved_lead_only,not_yet_human_confirmed,"Search result is a lead, not evidence. Direct page review is required."
116,I Met You Cafe,1,https://beri.tw/i-met-you-cafe/,beri.tw,4,【信義區甜點推薦】I Met You Cafe歐洲鄉村風古物咖啡廳，超夢幻「玫瑰伯爵戚風蛋糕」，復古風情讓人想無限次回訪 - 莓姬貝利 • 食事旅行,unresolved_domain,no,unresolved_lead_only,not_yet_human_confirmed,"Search result is a lead, not evidence. Direct page review is required."
116,I Met You Cafe,2,http://globalfoodelicious.com/i-met-u-cafe/,globalfoodelicious.com,4,I Met You Cafe 》台北101 世貿捷運站不限時咖啡下午茶 | Taipei Coffee & Dessert - 娜姐 FOODELICIOUS,unresolved_domain,no,unresolved_lead_only,not_yet_human_confirmed,"Search result is a lead, not evidence. Direct page review is required."
116,I Met You Cafe,3,https://booking.menushop.tw/imetyoucafe,booking.menushop.tw,4,I Met You Cafe-總店 | MENU 店＋ 24 小時線上預約,unresolved_domain,no,unresolved_lead_only,not_yet_human_confirmed,"Search result is a lead, not evidence. Direct page review is required."
117,大戶屋－松山車站店,1,https://www.citylink.tw/songshan/?p=2862,citylink.tw,7,大戶屋｜1F – CITYLINK松山壹號店 — 幸福車站、旅途中的小確幸,official_venue_page,no,store_eligibility_only,not_yet_human_confirmed,"Search result is a lead, not evidence. Direct page review is required."
118,大戶屋－統一時代台北店,1,https://www.uni-ustyle.com.tw/zh-tw/brand-floor/141,uni-ustyle.com.tw,10,大戶屋 - 統一時代百貨台北店丨DREAM PLAZA,official_venue_page,no,store_eligibility_only,not_yet_human_confirmed,"Search result is a lead, not evidence. Direct page review is required."
118,大戶屋－統一時代台北店,2,https://cc77.tw/%E5%A4%A7%E6%88%B6%E5%B1%8B-%E8%8F%9C%E5%96%AE-%E7%B5%B1%E4%B8%80%E6%99%82%E4%BB%A3%E7%99%BE%E8%B2%A8%E7%BE%8E%E9%A3%9F%E3%80%90%E5%A4%A7%E6%88%B6%E5%B1%8B%E3%80%91%E8%A9%95%E5%83%B9%EF%BC%8C%E7%AC%AC/,cc77.tw,4,大戶屋/菜單/統一時代百貨美食【大戶屋】評價，第一次吃就驚豔！高麗菜、味噌湯、白飯無限續 – 敲敲的生活及購物誌,unresolved_domain,no,unresolved_lead_only,not_yet_human_confirmed,"Search result is a lead, not evidence. Direct page review is required."
119,In Between,1,https://www.eslitehotel.com/restaurant/in-between/,eslitehotel.com,8,In Between | 誠品行旅 | eslite,official_venue_page,no,store_eligibility_only,not_yet_human_confirmed,"Search result is a lead, not evidence. Direct page review is required."
119,In Between,2,https://www.xinmedia.com/article/213091,xinmedia.com,7,專訪誠品行旅In Between主廚黃士恭 兼融法、義、日、台式美食精華的秘訣 - 欣傳媒XINMEDIA 最懂生活的咖,known_third_party,no,discovery_lead_only,not_yet_human_confirmed,"Search result is a lead, not evidence. Direct page review is required."
120,Hong Kong 88 Hot Pot,1,https://hongkonghotpot.com/,hongkonghotpot.com,9,香港火鍋 Hong Kong Hot Pot – 点燃火鍋冒險，由此開始 Your Hot Pot Adventure Starts Here,brand_owned_candidate,pending_direct_confirmation,candidate_for_site_measurement,not_yet_human_confirmed,"Search result is a lead, not evidence. Direct page review is required."
120,Hong Kong 88 Hot Pot,2,https://thehoneycombers.com/hong-kong/best-hot-pot-restaurants-in-hong-kong/,thehoneycombers.com,4,Head to these top hot pot restaurants in Hong Kong for some deliciously tasty and interactive dining,unresolved_domain,no,unresolved_lead_only,not_yet_human_confirmed,"Search result is a lead, not evidence. Direct page review is required."
121,Bing,1,https://www.bing.com/,bing.com,7,Bing,known_third_party,no,discovery_lead_only,not_yet_human_confirmed,"Search result is a lead, not evidence. Direct page review is required."
122,MiaCucina－信義店,,,,,,no_ranked_lead,no_data,none,requires_additional_source_search,No ranked lead was observed; this is not evidence that no official site exists.
123,渣男 Taiwan Bistro,1,https://panpanlife.com/taiwan-bistro-4/,panpanlife.com,9,台北中正｜渣男Taiwan Bistro《古亭四渣》.台式滷味下酒菜.酒吧餐酒館.私心推麻辣豆腐鴨血.捷運古亭站,known_third_party,no,discovery_lead_only,not_yet_human_confirmed,"Search result is a lead, not evidence. Direct page review is required."
123,渣男 Taiwan Bistro,2,https://www.paine0602.com/taiwan-bistro/,paine0602.com,4,渣男Taiwan Bistro》台味居酒屋的文青復古滷味攤,unresolved_domain,no,unresolved_lead_only,not_yet_human_confirmed,"Search result is a lead, not evidence. Direct page review is required."
123,渣男 Taiwan Bistro,3,https://minako.tw/taiwan-bistro/,minako.tw,4,【台北美食】渣男Taiwan Bistro中山店：台式滷味居酒屋 – 美奈子的微旅行,unresolved_domain,no,unresolved_lead_only,not_yet_human_confirmed,"Search result is a lead, not evidence. Direct page review is required."
124,劉媽媽涼麵,,,,,,no_ranked_lead,no_data,none,requires_additional_source_search,No ranked lead was observed; this is not evidence that no official site exists.
125,KingSpicy J,1,https://www.king.com.tw/pages/5e3a22e516acf100306e29cb,king.com.tw,5,商店介紹,unresolved_domain,no,unresolved_lead_only,not_yet_human_confirmed,"Search result is a lead, not evidence. Direct page review is required."
125,KingSpicy J,2,https://www.king.com.tw/pages/67467e7e51633c000d56261c,king.com.tw,5,新的分頁,unresolved_domain,no,unresolved_lead_only,not_yet_human_confirmed,"Search result is a lead, not evidence. Direct page review is required."
125,KingSpicy J,3,https://www.king.com.tw/pages/book-a-tasting,king.com.tw,5,預約品嘗,unresolved_domain,no,unresolved_lead_only,not_yet_human_confirmed,"Search result is a lead, not evidence. Direct page review is required."
126,Sea to Sky,1,https://www.breeze.com.tw/stores/5914,breeze.com.tw,10,SEA TO SKY - Breeze Center 微風廣場,official_venue_page,no,store_eligibility_only,not_yet_human_confirmed,"Search result is a lead, not evidence. Direct page review is required."
126,Sea to Sky,2,https://seatosky.com.tw/,seatosky.com.tw,9,Sea To Sky 官方網站,brand_owned_candidate,pending_direct_confirmation,candidate_for_site_measurement,not_yet_human_confirmed,"Search result is a lead, not evidence. Direct page review is required."
127,上席小館,1,https://queeniej.com/archives/taipei-page/,queeniej.com,5,台北市中山區｜Restaurant Page 頁小館｜台北米其林指南餐盤推薦｜中菜西餐的浪漫｜約會聚餐推薦 |,known_third_party,no,discovery_lead_only,not_yet_human_confirmed,"Search result is a lead, not evidence. Direct page review is required."
128,紅豆食府－信義店,1,https://rsv.skm.com.tw/groups/skm-xinyi/companies/-KsqaUb1U_CGncVPQV7m/restaurants/-KsqaUbvMW4rE7XJK17l/booking,rsv.skm.com.tw,8,紅豆食府線上訂位｜台北信義新天地A9｜新光三越,official_venue_page,no,store_eligibility_only,not_yet_human_confirmed,"Search result is a lead, not evidence. Direct page review is required."
129,犇－微風信義館,,,,,,no_ranked_lead,no_data,none,requires_additional_source_search,No ranked lead was observed; this is not evidence that no official site exists.
130,元食 Cafe,1,https://letsplaylucky.tw/yuan-cafe/,letsplaylucky.tw,4,[台北信義] 元食cafe Feed to Table 可追朔到動物吃什麼的台灣在地肉品，究好豬超美味 @大手牽小手。玩樂趣,unresolved_domain,no,unresolved_lead_only,not_yet_human_confirmed,"Search result is a lead, not evidence. Direct page review is required."
131,CPK 加州創意廚房,,,,,,no_ranked_lead,no_data,none,requires_additional_source_search,No ranked lead was observed; this is not evidence that no official site exists.
132,三太養生鐵板燒,,,,,,no_ranked_lead,no_data,none,requires_additional_source_search,No ranked lead was observed; this is not evidence that no official site exists.
133,MiraWan,1,https://www.mirawan.com.tw/,mirawan.com.tw,7,2026 台北 餐酒館｜景觀餐廳｜MiraWan 法式餐廳,brand_owned_candidate,pending_direct_confirmation,candidate_for_site_measurement,not_yet_human_confirmed,"Search result is a lead, not evidence. Direct page review is required."
133,MiraWan,2,https://www.mirawan.com.tw/about/,mirawan.com.tw,7,關於我們 | 2026 台北 餐酒館｜景觀餐廳｜MiraWan 法式餐廳,brand_owned_candidate,pending_direct_confirmation,candidate_for_site_measurement,not_yet_human_confirmed,"Search result is a lead, not evidence. Direct page review is required."
133,MiraWan,3,https://www.mirawan.com.tw/maincourse/,mirawan.com.tw,7,餐酒館午晚餐 | 2026 台北 餐酒館｜景觀餐廳｜MiraWan 法式餐廳,brand_owned_candidate,pending_direct_confirmation,candidate_for_site_measurement,not_yet_human_confirmed,"Search result is a lead, not evidence. Direct page review is required."
134,宋廚北方菜館,,,,,,no_ranked_lead,no_data,none,requires_additional_source_search,No ranked lead was observed; this is not evidence that no official site exists.
135,辛殿麻辣鍋－信義店,,,,,,no_ranked_lead,no_data,none,requires_additional_source_search,No ranked lead was observed; this is not evidence that no official site exists.
136,同壽司－信義區,1,https://fooday.app/zh-TW/spots/68Z5otD8wJa9YqWKSGy38Y,fooday.app,5,貓將壽司 信義A13店 在 Fooday 美食社群 | 找餐廳不踩雷，最真實的美食 App,known_third_party,no,discovery_lead_only,not_yet_human_confirmed,"Search result is a lead, not evidence. Direct page review is required."
137,拾穗,,,,,,no_ranked_lead,no_data,none,requires_additional_source_search,No ranked lead was observed; this is not evidence that no official site exists.
138,柏克金啤酒餐廳,1,https://www.buckskinrestaurantgroup.com.tw/location.php,buckskinrestaurantgroup.com.tw,8,餐廳據點 | 柏克金餐酒集團,brand_owned_candidate,pending_direct_confirmation,candidate_for_site_measurement,not_yet_human_confirmed,"Search result is a lead, not evidence. Direct page review is required."
138,柏克金啤酒餐廳,2,https://buckskinrestaurantgroup.com.tw/home.php,buckskinrestaurantgroup.com.tw,7,首頁｜柏克金餐酒集團,brand_owned_candidate,pending_direct_confirmation,candidate_for_site_measurement,not_yet_human_confirmed,"Search result is a lead, not evidence. Direct page review is required."
139,老井極上燒肉－台北信義店,,,,,,no_ranked_lead,no_data,none,requires_additional_source_search,No ranked lead was observed; this is not evidence that no official site exists.
140,TAMED FOX－信義店,1,https://globalfoodelicious.com/tamed-fox-xinyi-2021/,globalfoodelicious.com,4,Tamed Fox Xinyi 》Tamed Fox 信義菜單推薦點哪些菜餚? - 娜姐 FOODELICIOUS,unresolved_domain,no,unresolved_lead_only,not_yet_human_confirmed,"Search result is a lead, not evidence. Direct page review is required."
140,TAMED FOX－信義店,2,https://kavana.tw/tamed-fox-xinyi/,kavana.tw,4,台北信義區「TAMED FOX 信義」。好吃美味的健康料理Ｘ寬敞明亮具設計感的店面設計。 - 卡瓦納＠京都 自由滯在。,unresolved_domain,no,unresolved_lead_only,not_yet_human_confirmed,"Search result is a lead, not evidence. Direct page review is required."
140,TAMED FOX－信義店,3,https://origin-coolsis.cool-style.com.tw/life-style/food/24429,origin-coolsis.cool-style.com.tw,4,超人氣早午餐Tamed Fox信義店正式營運！加州風格早午餐咖啡、還有健康飲食,unresolved_domain,no,unresolved_lead_only,not_yet_human_confirmed,"Search result is a lead, not evidence. Direct page review is required."
