candidate_id,candidate_name,search_status,lead_count,lead_1_url,lead_1_domain,lead_1_title,lead_2_url,lead_2_domain,lead_2_title,lead_3_url,lead_3_domain,lead_3_title,verification_status,reviewer,notes
001,鼎泰豐（101店）,success,3,https://guide.easytravel.com.tw/scenic/61552,guide.easytravel.com.tw,鼎泰豐-101旗艦店 | 台灣旅遊景點行程,https://xnfood.com.tw/dintaifung-2/,xnfood.com.tw,《食記》『鼎泰豐』- 台北市 捷運台北101/世貿站 台北101美食街 - 賽肥膩膩の娛樂生活誌,https://carp0729.tw/2016/01/blogger-ding.html,carp0729.tw,【台北信義】鼎泰豐101店 @魚樂分享誌 @ 魚樂分享誌,needs_direct_verification,,
004,紫艷中餐廳,success,3,https://eattaipei.tw/yen/,eattaipei.tw,紫艷中餐廳-台北W飯店創意粵菜#信義區美食(內有菜單),https://www.tablecheck.com/zh-TW/w-hotel-yen/reserve,tablecheck.com,YEN Chinese Restaurant 紫艷中餐廳- 台北W飯店,https://www.wingontravel.com/discovery/restaurant-13587902,wingontravel.com,【紫艷中餐廳食評及介紹2026】台北必食推介：餐牌價錢、營業時間及地址 - 永安旅遊,needs_direct_verification,,
005,合.Shabu,success,3,https://www.hostshabu.com/,hostshabu.com,台北頂級鍋物｜觀光客最愛鍋物｜信義區聚餐推薦｜合shabu,https://ifoodie.com.tw/restaurant/559dba8ac03a103ee86ca04d-%E5%90%88-shabu,ifoodie.com.tw,合‧shabu 24hr線上訂位 - 台北信義區的火鍋 | 愛食記,https://anikofoodie.com/hostshabu/,anikofoodie.com,【台北美食】合shabu。信義區頂級鍋物推薦！專人桌邊服務，澎湃海鮮和鮮美牛肉過節最有儀式感 - ANIKO 艾妮可美味人生,needs_direct_verification,,
007,隨意鳥101高空觀景餐廳,success,3,https://www.dt101.com.tw/,dt101.com.tw,隨意鳥地方,https://annieko.tw/diamond-tonys/,annieko.tw,台北101約會餐廳推薦【隨意鳥地方 101景觀餐廳】絕美高空窗景，浪漫情調約會最佳據點，平日午餐不用千元就能享用。 - 安妮的天空,https://www.peipeipigtravel.com/diamond-tonys/,peipeipigtravel.com,台北101美食｜隨意鳥地方Diamond Tony’s 101 Panorama Restaurant 85F高空景觀餐廳－預付訂金就升級浮誇甜點，再送水果冰茶（內附菜單） | 美食瑜樂,needs_direct_verification,,
008,LA FARFALLA 義式餐廳－台北艾麗酒店,success,3,https://maggieblog.tw/lafarfalla/,maggieblog.tw,台北寒舍艾麗酒店 LA FARFALLA 義式餐廳，義式半自助 Buffet 浪漫約會看101! – 瑪姬幸福過日子,https://www.tablecheck.com/zh-TW/la-farfalla-italy/reserve/landing,tablecheck.com,LA FARFALLA 義式餐廳- 台北艾麗酒店,https://litwenblog.com/lafarfallalinner/,litwenblog.com,台北艾麗酒店「La Farfalla義式餐廳」肉食主義3.0自助式下午餐開箱 @小蚊子愛飛飛 litwenblog @ 小蚊子愛飛飛 litwenblog,needs_direct_verification,,
010,泰市場海鮮自助餐廳,success,3,https://www.cosmopolitan.com/tw/lifestyle/hot-topics/g60086796/spice-market/,cosmopolitan.com,「泰市場海鮮自助餐廳」重磅回歸！多達90道噴香菜色，泰式榴槤披薩、香茅青檸啤酒、泰國嘟嘟糕通通吃到飽,https://www.regenttaiwan.com/dining/outside-dining/spice-market,regenttaiwan.com,泰市場 | 館外餐廳 | 佳餚美饌 | 台北晶華酒店,https://bibilo.tw/spice-market/,bibilo.tw,泰市場海鮮自助餐 Spice Market 大直英迪格 台北唯一泰式吃到飽 台北吃到飽推薦 – 魔王的碗公,needs_direct_verification,,
011,凱菲屋－台北君悅酒店,success,3,https://www.wendyjourney.com/hyatt-cafe/,wendyjourney.com,【台北吃到飽】2026 台北君悅酒店凱菲屋下午茶、午餐、晚餐菜單價位&餐券優惠 | Wendy's Journey,https://vivianexplore.tw/cafe-at-grand-hyatt-taipei/,vivianexplore.tw,【2026凱菲屋】台北君悅酒店自助餐，海鮮、甜點、中式餐點推薦！,https://bobowin.blog/cafe-hyatt/,bobowin.blog,"網路票選Buffet冠軍~台北君悅凱菲屋, 烤鴨/黑松露燉飯/肋眼牛/現包小籠包/異國料理都吃的到",needs_direct_verification,,
012,一蘭拉麵－台灣台北本店,success,3,https://ichiran.com.tw/shop/stores.aspx,ichiran.com.tw,一蘭拉麵| 一蘭台灣官方購物網 - 一蘭、一蘭拉麵、拉麵、一蘭台灣購物網、一蘭購物、一蘭伴手禮、台灣一蘭、日本食品、博多細麵、捲麵、豚骨拉麵、一蘭商品、伴手禮、拉麵商品、即食麵、釜醬汁豚骨拉麵、博多拉麵、日本泡麵、日本進口、福岡、九州、日本,https://zh-cht.ichiran.com/shop/oversea/taiwan/taipei-honten/,zh-cht.ichiran.com,台灣台北總店 | 店舖指南 | 天然豚骨湯拉麵,https://hamibobo.tw/ichiran-taipei/,hamibobo.tw,台北信義美食「一蘭拉麵 台灣台北本店」24小時營業、點餐方式、菜單價位 – 海綿飽飽的鳳梨城堡,needs_direct_verification,,
013,Texas Roadhouse,success,3,https://texasroadhouse.com.tw/,texasroadhouse.com.tw,Texas Roadhouse 德州鮮切牛排,https://www.tylinnetravel.tw/texas-roadhouse-songgao/,tylinnetravel.tw,【台北美食】德州鮮切牛排，火烤熟成的美味 | 麵包花生吃到飽 | 美式連鎖餐廳 | 信義美食聚餐推薦 - 踢賴旅遊,https://www.viviyu.com/archives/60380,viviyu.com,[青埔美食]Texas Roadhouse 德州鮮切牛排|道地美式料理、鮮切牛排、歡樂用餐氣氛一次滿足！麵包、花生可無限續用,needs_direct_verification,,
014,彩日本料理－台北君悅酒店,success,3,https://kkmurmur.com/irodori-taipei/,kkmurmur.com,【彩日本料理】君悅酒店日本料理吃到飽，料鮮味美、還有隱藏版菜色｜台北信義區美食/自助餐推薦｜捷運台北101/世貿站(價格/菜色/優惠資訊) - 老K嘴一下,https://blake.com.tw/blog/post/irodori,blake.com.tw,彩日本料理｜台北君悅酒店日式料理吃到飽，老實說有一半的人不知道，但平日中午竟然直接客滿！ @布雷克的出走旅行視界,https://mayawang.site/13678,mayawang.site,【信義食記】彩日本料理吃到飽假日餐期開箱，位於台北君悅酒店，近捷運市政府/101站(Buffet價錢/訂位方式) – MayaWang 麻亞愛吃喝玩樂,needs_direct_verification,,
016,Top Cap Steakhouse,success,3,https://hippolife.tw/taipei-food-topcapsteakhouse,hippolife.tw,【教父牛排 Top Cap Steakhouse】100分約會餐廳！信義高cp商業午餐！ | 河馬體驗,https://foodieteller.com/top-cap-steakhouse/,foodieteller.com,【2026台北教父牛排商業午餐菜單】Top Cap Steakhouse 米其林一星餐廳就在信義區新光三越A4！ - 波妮說食話,https://www.dannycompany.com.tw/home/top-cap-steakhouse/,dannycompany.com.tw,Top Cap Steakhouse | 教父牛排 Danny's Steakhouse,needs_direct_verification,,
017,海底撈台灣信義店（微風南山）,success,3,https://shouyadog.com/haidilao-taipei-nan-shan-birthday-celebration-review/,shouyadog.com,台北食記｜海底撈火鍋信義微風南山店：傳承台灣一號店精神！三月兩老慶生大禮包、川劇變臉、會跳動的蛙？初體驗驚喜全紀錄 – Shouyadog's everything,https://ifoodie.com.tw/explore/%E5%8F%B0%E5%8C%97%E5%B8%82/list/%E5%BE%AE%E9%A2%A8%E5%8D%97%E5%B1%B1%E7%BE%8E%E9%A3%9F,ifoodie.com.tw,台北微風南山美食 Top 15 推薦！ Smith & Wollensky 牛排館、海底撈 信義店... | 愛食記,https://gofind.com.tw/shopping/taipei-%E6%B5%B7%E5%BA%95%E6%92%88%E7%81%AB%E9%8D%8B-%E4%BF%A1%E7%BE%A9%E5%BE%AE%E9%A2%A8%E5%8D%97%E5%B1%B1%E5%BA%97,gofind.com.tw,海底撈火鍋 信義微風南山店 | 評價、推薦、地址 | GoFind 找地方,needs_direct_verification,,
018,鼎泰豐（信義新光A4店）,success,3,https://ifoodie.com.tw/restaurant/57716c802756dd5159c807a8-%E9%BC%8E%E6%B3%B0%E8%B1%90,ifoodie.com.tw,鼎泰豐 24hr線上訂位 - 台北信義區的中式料理 | 愛食記,https://rsv.skm.com.tw/groups/skm-xinyi/companies/-KNf3CgtuFU5cea5_nVg/restaurants/-KNf3CgtuFU5cea5_nVh/takeout,rsv.skm.com.tw,鼎泰豐線上外帶｜台北信義新天地A4｜新光三越,https://fooday.app/zh-TW/reviews/miEk2U4ZKFnDEvYdC2WYhu,fooday.app,鼎泰豐 新光A4店 | 來自 Aaaaaaaa 的 5 顆星評論 | 台式料理 | 找餐廳用 Fooday,needs_direct_verification,,
019,泰集 Thai Bazaar（微風信義店）,success,3,https://maggieblog.tw/thai-bazaar/,maggieblog.tw,台北泰集Thai Bazaar微風信義店，泰國菜吃到飽，超厚月亮蝦餅，30道單點菜色不怕你吃，千元有找，CP值高 – 瑪姬幸福過日子,https://anikofoodie.com/thaibazaar/,anikofoodie.com,【台北美食】泰集微風信義店。台北泰式料理推薦！單點、吃到飽雙模式，信義區最美泰式餐廳 - ANIKO 艾妮可美味人生,https://biaolazylife.tw/thaibazaar/,biaolazylife.tw,【台北信義美食】泰集Thai Bazaar (微風信義店) | 走進時尚泰料理間 - 彪彪懶廢日常 My Lazy Life,needs_direct_verification,,
020,探索廚房－台北寒舍艾美酒店,success,3,https://www.tablecheck.com/zh-TW/le-meridien-taipei-latest-recipe/reserve/landing,tablecheck.com,探索廚房 - 台北寒舍艾美酒店 - TableCheck,https://www.wendyjourney.com/lemeridien-taipei/,wendyjourney.com,【寒舍艾美自助餐】2026改裝後探索廚房午晚餐菜單/價位/餐券折扣優惠 | Wendy's Journey,https://icecreamcat.tw/love-lemeridien/,icecreamcat.tw,改裝後【探索廚房吃到飽】台北寒舍艾美酒店飯店自助餐價格與訂位，信義區Buffet @冰淇淋貓的軟爛生活,needs_direct_verification,,
021,勞瑞斯牛肋排餐廳,success,3,https://anikofoodie.com/lawrys/,anikofoodie.com,【台北美食】Lawry's勞瑞斯牛肋排餐廳。信義區頂級牛排約會餐廳～美國90年老字號牛肋排！百萬餐車桌邊服務 - ANIKO 艾妮可美味人生,https://www.lawrys.com.tw/,lawrys.com.tw,首頁 | Lawry's Taipei 勞瑞斯餐廳,https://alinalife.tw/lawrys/,alinalife.tw,勞瑞斯牛肋排餐廳｜低溫熟成牛排經典好吃，約會首選 @Alina 愛琳娜,needs_direct_verification,,
022,CÉ LA VI Taipei,success,3,https://tw.celavi.com/,tw.celavi.com,"CÉ LA VI Taipei – Sky-High Dining, Cocktails & Nightlife with a View",https://omni-taipei.webnode.tw/ce-la-vi-taipei/,omni-taipei.webnode.tw,CE LA VI TAIPEI - Omni Taipei - Webnode,https://ifoodie.com.tw/blog/64428e0ab531b34a428a5f49-CELAVI-Taipei%EF%BC%8C%E4%BA%AB%E5%8F%97%E4%BA%9E%E6%B4%B2%E8%BE%9B%E9%A6%99,ifoodie.com.tw,台北市美食推薦 CÉ LA VI Taipei『CELAVI Taipei，享受亞洲辛香料帶給味蕾美妙的星級美味。微風南山48樓擁有360...』 希薇亞の食在玩味 | 愛食記,needs_direct_verification,,
023,侯布雄法式餐廳,success,3,https://www.bellavita.com.tw/catalogue/goodslist.php?d=199,bellavita.com.tw,侯布雄法式餐廳 - Bellavita,https://annieko.tw/latelier-de-joel-robuchon-taipei/,annieko.tw,侯布雄法式料理，米其林二星餐廳，質感約會餐廳推薦。 - 安妮的天空,https://www.bellavita.com.tw/cht/store.php?d=38,bellavita.com.tw,L'ATELIER de Joël Robuchon 侯布雄法式餐廳,needs_direct_verification,,
024,老乾杯－台北信義店,success,3,https://www.kanpaiclassic.com.tw/zh/branch,kanpaiclassic.com.tw,老乾杯&KANPAI CLASSIC | 分店據點,https://jzhappylifeday.com/kanpaiclassic/,jzhappylifeday.com,食記★老乾杯｜台北信義區日式燒肉(新光三越A9)，專人代烤和牛盛合拼盤 – JZ.Jo想吃,https://guide.easytravel.com.tw/scenic/31849,guide.easytravel.com.tw,老乾杯-信義店 | 台灣旅遊景點行程,needs_direct_verification,,
025,French Windows－British TeaHouse,success,3,https://www.wensgoodlife.com/french-windows-british-teahouse/,wensgoodlife.com,【French Windows British Teahouse 琺蘭綺瑥朵英式茶餐館】可能是全台北TWININGS唐寧茶最齊全的下午茶餐廳，經典、大師之選一次擁有，品味仕女伯爵茶LADY GREY與香橙柑橘肉桂 - 惠雯小廢文,https://carp0729.tw/2020/12/french-windows.html,carp0729.tw,【台北信義】French Windows British Teahouse 琺蘭綺瑥朵英式茶餐館｜松菸美食 @魚樂分享誌 @ 魚樂分享誌,https://ihungrybear.com/restaurants/WpWgg5p/,ihungrybear.com,【台北市信義區美食】French Windows British Teahouse 琺蘭綺瑥朵英式茶餐館 - 網友評價、菜單＆推薦餐點、食記、外送優惠 | 飢餓黑熊App,needs_direct_verification,,
026,欣葉台菜－信義A9店,success,3,https://tiffany0118.tw/shinyeh-a9/,tiffany0118.tw,[台北美食]欣葉台菜/信義新光三越A9店/入選米其林餐盤餐廳的經典台菜料理 - 小佳的幻想世界,https://shotfunlady.com/shinyeh-xinyi-a9/,shotfunlady.com,【欣葉台菜 信義新天地A9店】米其林推薦40年經典台菜餐廳，必點招牌一次看｜台北信義美食/合菜推薦｜捷運市政府站(菜單),https://bobotravel.tw/blog/post/shinyeh,bobotravel.tw,欣葉台菜信義A9店｜齊聚台菜的美好記憶！限定版六人精選套餐，優惠省錢祕技大公開 | 寶兒遊樂園,needs_direct_verification,,
029,春水堂－松菸店,success,2,https://www.wingontravel.com/discovery/restaurant-31425784,wingontravel.com,【春水堂-松菸店/松菸誠品】春水堂-松菸店/松菸誠品必吃推介台北 人氣餐廳春水堂-松菸店/松菸誠品|永安旅遊,https://www.findcoupon.tw/store-5217.htm,findcoupon.tw,春水堂 (松菸店)，02-66398957 - 找優惠,,,,needs_direct_verification,,
030,Woolloomooloo,success,3,https://woolloomooloo.tw/,woolloomooloo.tw,Woolloomooloo - 為這個城市提供多一點選擇,https://carina.com.tw/%E3%80%90%E5%8F%B0%E5%8C%97%E4%BF%A1%E7%BE%A9%E7%BE%8E%E9%A3%9F%E3%80%91woolloomooloo%E4%BF%A1%E7%BE%A9%E5%BA%97%EF%BC%9A%E6%BE%B3%E5%BC%8F%E6%97%A9%E5%8D%88%E9%A4%90%E4%B8%8B%E5%8D%88%E8%8C%B6/,carina.com.tw,【台北信義美食】Woolloomooloo信義店：澳式早午餐下午茶咖啡廳餐酒館、燈光美氣氛很好的約會餐廳推薦︱世貿台北101站 – 洋洋的吃喝玩樂,https://dailycheska.com/food/woolloomooloo/,dailycheska.com,Woolloomooloo｜信義澳式早午餐，享受自然採光和舒適座位 ｜ Rong's Life,needs_direct_verification,,
031,馬辣頂級麻辣鴛鴦火鍋信義店,success,2,https://sarychien.com/%E9%A6%AC%E8%BE%A3%E9%A0%82%E7%B4%9A%E9%BA%BB%E8%BE%A3%E9%B4%9B%E9%B4%A6%E7%81%AB%E9%8D%8B-%E4%BF%A1%E7%BE%A9%E5%BA%97/,sarychien.com,馬辣頂級麻辣鴛鴦火鍋-信義店 ｜和牛鍋物吃到飽 - 紗莉 Sary Chien,https://iriseating.com/newmalahotpot_official/,iriseating.com,新馬辣Plus｜信義區 101 景觀火鍋吃到飽，最低$798 起百種食材吃到飽 – 艾瑞絲的吃貨日常,,,,needs_direct_verification,,
032,饗食天堂信義店,success,3,https://bunnyann.tw/eatogether-0611/,bunnyann.tw,台北「饗食天堂信義店」老字號吃到飽餐廳不用千元就能吃飽,https://hanblog.tw/eatogether-xinyi/,hanblog.tw,饗食天堂 台北信義店 ~ 菜色豐富，爐烤牛排、焗烤生蠔、現煎天使紅蝦、德國豬腳，晚餐免千元吃到飽餐廳首選，CP值高,https://dailycheska.com/food/eatogether-buffet-xinyi/,dailycheska.com,饗食天堂台北信義店｜下午茶菜色、必吃推薦、訂位優惠攻略 ｜ Rong's Life,needs_direct_verification,,
033,Smith & Wollensky 牛排館,success,3,https://smithandwollensky.com.tw/,smithandwollensky.com.tw,Smith & Wollensky,https://smithandwollensky.com.tw/zh_TW/menu/taipei,smithandwollensky.com.tw,極品美饌,https://bonie.tw/smithwollensky-taipei-steakhouse/,bonie.tw,信義區美食｜Smith&Wollensky Taipei牛排屋．台北牛排推薦 @朱寶妮美食隨筆,needs_direct_verification,,
034,頂鮮101美食美景餐廳,success,3,https://taiwantour.net/101-tea/,taiwantour.net,台北美食推薦【頂鮮台南擔仔麵】101大樓必訪景觀餐廳 @跟著領隊sky玩。一日遊.美食.景點.車泊.住宿,https://www.vogue.com.tw/feature/content-4322,vogue.com.tw,頂鮮101 全亞洲最高的景觀餐廳2011元旦台北開幕|美食甜點-VOGUE時尚網 | Vogue Taiwan,https://dingxian.com.tw/,dingxian.com.tw,頂鮮｜極致海鮮餐飲品牌｜官方網站 |,needs_direct_verification,,
035,心潮飯店 Sinchao Rice Shoppe,success,3,https://linktr.ee/sinchaoriceshoppe,linktr.ee,"心潮飯店 Sinchao Rice Shoppe Official: Instagram, Facebook | Linktree",https://jjtravel.tw/sinchao-rice-shoppe/,jjtravel.tw,信義區美食｜心潮飯店微風信義，時髦復古的台式餐酒館（附2025菜單） - JJ & Jimmy,https://sosense.tw/sinchao/,sosense.tw,來份慾望炒飯，恣意揮灑的浪漫餐桌《心潮飯店 Sinchao Rice Shoppe》新台派餐酒館 - 質人星球。品玩生活,needs_direct_verification,,
036,Hooters Xinyi 美式餐廳,success,3,https://www.hooters.com.tw/,hooters.com.tw,Hooters 美式餐廳,https://www.hooters.com.tw/en/about-hooters/,hooters.com.tw,About Hooters - Hooters 美式餐廳,https://www.hooters.com.tw/en/category/event/xinyi/,hooters.com.tw,〈Xinyi〉彙整頁面 - Hooters 美式餐廳,needs_direct_verification,,
038,DA ANTONIO By 大安東尼,success,3,https://auntie.tw/da-antonio/,auntie.tw,【台北】DA ANTONIO 大安東尼 By 隨意鳥地方台北101，脆皮豬腳、經典米蘭奶油蟹肉泡芙，中價位義大利料理推薦 – 水晶安蹄 不務正業過生活,https://daantonio.oddle.me/zh_TW,daantonio.oddle.me,DA ANTONIO義大利餐廳- 線上訂餐、外帶外送官網,https://bearxchu.com/2020/47968,bearxchu.com,【台北101美食餐廳】大安東尼義大利餐廳 5F DA ANTONIO By 隨意鳥地方(內有菜單) | 韻竹 BxC Balance｜13月亮曆分享者｜迷你竹的大世界・質感日常,needs_direct_verification,,
039,樂天皇朝台灣,success,3,https://www.paradisegp.com/tc/tw/,paradisegp.com,台灣 | 樂天集團,https://paradisegrouptw.oddle.me/zh_TW,paradisegrouptw.oddle.me,樂天皇朝 - 外帶外送專區,https://ryoritaiwan.fcdc.org.tw/news/424,ryoritaiwan.fcdc.org.tw,樂天皇朝家常味新菜單｜料理．台灣 Ryori.Taiwan,needs_direct_verification,,
040,TGI Friday's,success,3,https://tgifridays.com.tw/,tgifridays.com.tw,TGI FRIDAYS 星期五美式餐廳,https://www.tgifridays.com.tw/food,tgifridays.com.tw,TGI FRIDAYS 星期五美式餐廳,https://www.casualrestaurants.com/brand,casualrestaurants.com,TGI FRIDAYS | 開展餐飲集團CasualRestaurants,needs_direct_verification,,
041,欣葉日本料理信義店,success,3,https://www.shinyeh.com.tw/content/zh/brand/Index.aspx?BrandId=4,shinyeh.com.tw,欣葉日本料理 | 欣葉國際餐飲集團,https://feitravel.tw/p-5069566332/,feitravel.tw,"【台北信義區】♥欣葉日本料理♥信義新天地A11店－多達100種和食料理隨你吃,春季料理新上市.五種不同口味的創意炸蝦祭來啦!信義區日式料理吃到飽/Buffet推薦 - 加小菲愛碎碎唸",https://www.wendyjourney.com/shinyeh/,wendyjourney.com,【2026欣葉日本料理吃到飽】欣葉館前店價格/午晚餐菜單/優惠攻略 | Wendy's Journey,needs_direct_verification,,
042,莫爾頓牛排館,success,3,https://ifoodie.com.tw/restaurant/56a8e7d12756dd3766b26931-%E8%8E%AB%E7%88%BE%E9%A0%93%E7%89%9B%E6%8E%92%E9%A4%A8-Morton-%E4%BF%A1%E7%BE%A9%E5%BE%AE%E9%A2%A8,ifoodie.com.tw,莫爾頓牛排館 Morton 信義微風 線上訂位、菜單 - 台北信義區的牛排 | 愛食記,https://tifffoodtravel.com/mortons-the-steakhouse-taipei/,tifffoodtravel.com,市政府美食｜《莫爾頓牛排館》絕美夜景！約會首選❤️台北101景觀餐廳+菜單價位全攻略,https://carfun.tw/food/52149/,carfun.tw,台北聖誕節年末聚餐約會精選，「莫爾頓牛排館」限量推出世界頂級和牛系列 - CarFun 玩車誌｜玩樂生活、輕鬆懂車,needs_direct_verification,,
043,春水堂－信義新光三越A9店,success,3,https://rsv.skm.com.tw/groups/skm-xinyi/companies/-KsqbueWIURxuxAQ8EIy:inline-live-chunshuitang/restaurants/-KsqbufnXi_ftq44E7bU/takeout?request_locale=en_US,rsv.skm.com.tw,春水堂人文茶館線上外帶｜台北信義新天地A9｜新光三越,https://rsv.skm.com.tw/groups/skm-xinyi/companies/-KsqbueWIURxuxAQ8EIy:inline-live-chunshuitang/restaurants/-KsqbufnXi_ftq44E7bU/waiting,rsv.skm.com.tw,春水堂人文茶館線上候位｜台北信義新天地A9｜新光三越,https://xnfood.com.tw/lazy-package-xinyi-skm-a9/,xnfood.com.tw,懶人包《台北信義新天地 新光三越 A9 餐廳、美食街》18 間餐廳、菜單餐點全攻略 (2021.10 最後更新) - 賽肥膩膩の娛樂生活誌,needs_direct_verification,,
044,瓦城泰國料理－台北阪急店,success,3,https://www.thaitown.com.tw/tw/booking,thaitown.com.tw,瓦城泰國料理｜全國最大泰國料理第一品牌！,https://wa10-thaitown.oddle.me/zh_TW,wa10-thaitown.oddle.me,瓦城泰國料理 | 線上點餐外帶/外送專區,https://ifoodie.com.tw/post/689a01cd927f8098e863c2ed-%E7%93%A6%E5%9F%8E%E6%B3%B0%E5%9C%8B%E6%96%99%E7%90%86---%E7%BE%8E%E9%BA%97%E8%8F%AF%E5%BA%97%EF%BC%8C%E4%BD%8D%E6%96%BC%E7%BE%8E%E9%BA%97%E8%8F%AF%E8%B6%85,ifoodie.com.tw,瓦城泰國料理 - 美麗華店，位於美麗華超過 15 年，生意超好，每次晚餐來吃都要排隊 | 在地老饕阿府 - 愛食記,needs_direct_verification,,
045,GB鮮釀餐廳信義店,success,3,https://eggrollcat.com/gba-brewery/,eggrollcat.com,【信義美食】吉比鮮釀餐廳GBA Brewery Restaurant-啤酒美食派對聚餐首選 - 捲貓貪玩客,https://www.gbarestaurants.com.tw/booking,gbarestaurants.com.tw,吉比鮮釀餐廳| 訂位點餐,https://www.gbarestaurants.com.tw/,gbarestaurants.com.tw,吉比鮮釀餐廳,needs_direct_verification,,
046,Bel Air Bar & Grill,success,3,https://nasheat.tw/bel-air/,nasheat.tw,終於來朝聖威靈頓牛排，香脆的酥皮搭配軟嫩的菲力，超級讚!!,https://posh.com.tw/%E5%8F%B0%E5%8C%97%E5%90%9B%E6%82%85%E9%85%92%E5%BA%97%E9%A4%90%E9%A3%B2%E3%80%90bel-air-%E5%AF%B6%E8%89%BE%E8%A5%BF%E9%A4%90%E5%BB%B3%E3%80%91/,posh.com.tw,台北君悅酒店餐飲~【Bel Air 寶艾西餐廳】@Posh by Live賞味人生 - Posh by Live 賞味人生,https://www.myfunnow.com/en/branches/2651,myfunnow.com,"Bel Air Bar and Grill｜Grand Hyatt Taipei | FunNow - On-demand online booking platform for Restaurants, Accommodations, and Massages",needs_direct_verification,,
047,茶苑－台北君悅酒店,success,3,https://ifoodie.com.tw/restaurant/56e9142f699b6e7fc05b333e-%E8%8C%B6%E8%8B%91-%E5%90%9B%E6%82%85%E9%85%92%E5%BA%97-,ifoodie.com.tw,茶苑 (君悅酒店) 24hr線上訂位 - 台北信義區的下午茶餐廳 | 愛食記,https://ajtravel.tw/20240912-0/,ajtravel.tw,2026台北美食 君悅酒店茶苑 台北素食 台北蔬食吃到飽 @AJ的旅行地圖 @ AJ的旅行地圖,https://girlsplan.com/teaeat/,girlsplan.com,茶苑｜台北君悅酒店五星級飯店素食蔬食饗宴吃到飽(菜單) @女子的休假計劃,needs_direct_verification,,
048,漂亮台式海鮮餐廳,success,1,https://tisshuang.com/blog/post/taipeiseafood,tisshuang.com,【台北海鮮餐廳推薦】吃海鮮免跑海港，嚴選10間台菜海鮮餐廳 - TISS玩味食尚,,,,,,,needs_direct_verification,,
049,燒肉同話－台北光復南店,success,2,https://misshuan.tw/chagether-yakiniku-2019-0710/,misshuan.tw,捷運台北101/世貿站美食【燒肉同話/光復南店】也有像台中燒肉套餐系列喔！變裝自己DIY！聚餐聚會！ - 瓦妮又在吃,https://joycelohas.com/chagether-yakiniku/,joycelohas.com,燒肉同話台北光復南店♥ 時尚工業風！燒肉餐廳的聚餐新選擇！（信義區/捷運信義安和站旁）♥ Joyce食尚樂活。食記 – Joy with Lohas,,,,needs_direct_verification,,
050,厲家菜,success,2,https://www.bellavita.com.tw/dining/familyli.php,bellavita.com.tw,厲家菜 宮廷御膳料理,https://shiakingkong.com/family-li-imperial-cuisine/,shiakingkong.com,厲家菜在台北：給我上個慈禧老佛爺最愛吃的 - 夏金剛的奇幻之旅,,,,needs_direct_verification,,
051,小南門傳統豆花美食,success,3,https://www.chengmeng.com.tw/brand.php?act=view&id=68,chengmeng.com.tw,小南門_品牌導覽 | 誠盟餐飲,https://www.qsquare.com.tw/food-detail.php?lv01_sel=A14112600020592&lv01_type=B3&lv02_id=A2309090001bc15,qsquare.com.tw,Q square京站時尚廣場 | 美食一覽 | 品牌介紹 | 小南門傳統豆花,https://xnfood.com.tw/small-south-gate-traditional-tofu-003/,xnfood.com.tw,《食記》『小南門傳統美食、豆花』- 台北市 捷運台北101/世貿站 台北101美食街 - 賽肥膩膩の娛樂生活誌,needs_direct_verification,,
052,徐淮人家,success,3,https://ifoodie.com.tw/restaurant/559d9dabc03a103ee86c90e9-%E5%BE%90%E6%B7%AE%E4%BA%BA%E5%AE%B6,ifoodie.com.tw,徐淮人家 - 台北中山區的中式料理 | 愛食記,https://bigpipi.tw/xu-huai-renjia/,bigpipi.tw,【南京復興站美食】徐淮人家，台北徐州菜餐廳推薦 （價錢） @翹臀吃四方,https://nasheat.tw/letsyoyoxuhuairenjia/,nasheat.tw,【南京復興美食推薦】徐淮人家｜少見徐州菜在台北！地鍋雞、羊蠍子必吃超夠味 @Nash，神之領域,needs_direct_verification,,
054,Joyce East,success,3,https://www.joycecafetw.com/JOYCEEAST/?action=menu,joycecafetw.com,JOYCE EAST,https://joycecafetw.com/JOYCEEAST/?action=index,joycecafetw.com,JOYCE EAST,https://travel.yam.com/article/130280,travel.yam.com,台北信義｜Joyce East：奢華低調，優質精緻如藝術的西式新潮料理與義式餐廳！-輕旅行,needs_direct_verification,,
055,添好運台北信義店,success,3,https://ifoodie.com.tw/restaurant/559d5538c03a103ee86c64cd-%E6%B7%BB%E5%A5%BD%E9%81%8B-HOYII%E5%8C%97%E8%BB%8A%E7%AB%99%E5%BA%97,ifoodie.com.tw,添好運 HOYII北車站店 線上訂位、菜單 - 台北中正區的港式料理 | 愛食記,https://tiffany0118.tw/timhowan/,tiffany0118.tw,[台北美食]添好運(附完整菜單)/推薦平日午茶組合最划算/米其林一星餐廳推薦 - 小佳的幻想世界,https://donna.tw/timhowan/,donna.tw,添好運｜最新消息、菜單及分店資訊 (持續更新中),needs_direct_verification,,
056,Ziga Zaga－台北君悅酒店,success,3,https://www.elle.com/tw/life/foodie/g40797125/hyatt-taipei-ziga-zaga/,elle.com,新義式食尚！台北君悅酒店Ziga Zaga翻玩美食，義大利麵變身披薩，龍蝦、帝王蟹上等食材入料，必須吃！,https://girlsplan.com/zigazaga/,girlsplan.com,ZIGA ZAGA 義大利餐廳｜台北君悅酒店期間限定有夠義思吃到飽(菜單) @女子的休假計劃,https://www.vogue.com.tw/article/ziga-zaga-%E5%8F%B0%E5%8C%97%E5%90%9B%E6%82%85%E9%85%92%E5%BA%97,vogue.com.tw,回歸義式烹調與美味本質！台北君悅酒店ZIGA ZAGA 義大利餐廳經典純粹原味，摩登老派風格餐桌 | Vogue Taiwan,needs_direct_verification,,
057,原木燒烤餐廳 Wildwood,success,3,https://www.wildwood.com.tw/index_ch.php,wildwood.com.tw,wildwood live fire cuisine - 原木燒烤賦予現代料理方式所無法複製的獨特迷人風味,https://natasha-traveler.tw/wildwood/,natasha-traveler.tw,Wildwood 原木燒烤餐廳︱和閨蜜一起來享受微醺美食好時光 – 娜塔蝦的滑雪食旅手記,https://shin.tw/taipei-wildwood/,shin.tw,WILDWOOD 原木燒烤牛排海鮮餐廳2026｜米其林主廚、菜單價格與訂位攻略｜阿新筆記,needs_direct_verification,,
058,日本橋海鮮丼 辻半－微風信義店,success,3,https://carina.com.tw/%E3%80%90%E4%BF%A1%E7%BE%A9%E7%BE%8E%E9%A3%9F%E3%80%91%E6%97%A5%E6%9C%AC%E6%A9%8B%E6%B5%B7%E9%AE%AE%E4%B8%BC%E8%BE%BB%E5%8D%8A-%E5%BE%AE%E9%A2%A8%E4%BF%A1%E7%BE%A9%E5%BA%97%EF%B8%B1%E5%BE%88%E6%9C%89/,carina.com.tw,【信義美食】日本橋海鮮丼辻半 微風信義店︱很有氣氛的日本料理海鮮丼必吃推薦︱捷運市政府 – 洋洋的吃喝玩樂,https://bigpipi.tw/tsujihan-breeze-xinyi/,bigpipi.tw,【微風信義美食】日本橋海鮮丼辻半，一丼二吃可變茶泡飯（菜單 價錢） @翹臀吃四方,https://hanblog.tw/%E5%8F%B0%E5%8C%97%E6%B5%B7%E9%AE%AE%E4%B8%BC%E9%A3%AF-%E6%97%A5%E6%9C%AC%E6%A9%8B%E6%B5%B7%E9%AE%AE%E4%B8%BC%E8%BE%BB%E5%8D%8Atsujihan%E5%BE%AE%E9%A2%A8%E4%BF%A1%E7%BE%A9%E5%BA%97-%EF%BD%9E/,hanblog.tw,[台北海鮮丼飯] 日本橋海鮮丼辻半Tsujihan (微風信義店) ～ 外帶限定，超奢華美味散壽司便當，來自日本的生魚片丼飯名店 – 涵的足跡~走遍天涯,needs_direct_verification,,
059,穆記小吃牛肉麵館,success,3,https://icecreamcat.tw/mu-beef-noodies/,icecreamcat.tw,吳興街美食｜穆記牛肉麵米其林推薦，斤餅與清燉牛肉麵必點（有影片和菜單) @冰淇淋貓的軟爛生活,https://auntie.tw/mu/,auntie.tw,【台北】信義區｜穆記牛肉麵，爽口紅燒湯頭半筋半肉牛肉麵，台北醫學院美食 – 水晶安蹄 不務正業過生活,https://blake.com.tw/blog/post/mu-ji-2601,blake.com.tw,穆記牛肉麵｜米其林必比登推薦台北牛肉麵必點紅燒牛筋麵、麻辣牛雜與斤餅 @布雷克的出走旅行視界,needs_direct_verification,,
060,橘色涮涮屋新光三越A9店,success,3,https://ifoodie.com.tw/explore/%E5%8F%B0%E5%8C%97%E5%B8%82/list/%E6%96%B0%E5%85%89%E4%B8%89%E8%B6%8AA9%E7%BE%8E%E9%A3%9F,ifoodie.com.tw,台北新光三越A9美食 Top 15 推薦！ MUCHOYAKI、橘色涮涮屋A9館... | 愛食記,https://anikofoodie.com/orangeshabua9/,anikofoodie.com,【台北美食】橘色涮涮屋A9館。火鍋界的LV新分店！米其林指南餐盤推薦～吃鍋喝調酒欣賞信義區夜景 - ANIKO 艾妮可美味人生,https://rsv.skm.com.tw/groups/skm-xinyi/companies/-LL7w1Y0HNb5dvdA1v7N:inline-live-2a466/restaurants/-LL7w1n6jfj2G-vhT__F/booking,rsv.skm.com.tw,橘色涮涮屋線上訂位｜台北信義新天地A9｜新光三越,needs_direct_verification,,
061,時時香－微風南山店,success,3,https://ifoodie.com.tw/blog/5c34a458a29dbf5fde9408d1/,ifoodie.com.tw,"愛食記| 時時香RICE BAR 微風南山店,瓦城集團(菜單), 小妞的生活旅程: 台北市信義區美食 - 愛食記: 最好用的美食App",https://ifoodie.com.tw/post/5c34a458a29dbf5fde9408d1,ifoodie.com.tw,"時時香RICE BAR 微風南山店,瓦城集團(菜單) | 小妞的生活旅程 - 愛食記",https://www.breeze.com.tw/stores/2445,breeze.com.tw,時時香 - Breeze Center 微風廣場,needs_direct_verification,,
062,L.A PHO 越南美食餐廳,success,3,https://www.bizlion.com.tw/bizlion/Store/Detail?storeId=6382,bizlion.com.tw,L.A PHO 越南美食餐廳 - 附近店家 - 智慧商業獅,https://muzi.com.tw/taipei-l-a-pho/,muzi.com.tw,信義區Neo19美式越南料理「LA PHO 越南美食餐廳」美味越式推薦,https://xnfood.com.tw/l-a-pho/,xnfood.com.tw,《食記》『L.A PHO 越南美食主題餐廳』- 台北市 捷運台北101/世貿站 Neo19 - 賽肥膩膩の娛樂生活誌,needs_direct_verification,,
063,寒舍食譜－台北寒舍艾美酒店,success,3,https://vivianexplore.tw/my-humble-house/,vivianexplore.tw,【2026寒舍食譜】台北寒舍艾美粵菜推薦｜老廣味菜單、必點料理一次看,https://www.tablecheck.com/zh-TW/le-meridien-taipei-my-humble-house/reserve,tablecheck.com,寒舍食譜 - 台北寒舍艾美酒店 - TableCheck,https://gofind.com.tw/hotel/taipei-%E5%AF%92%E8%88%8D%E9%A3%9F%E8%AD%9C-%E5%8F%B0%E5%8C%97%E5%AF%92%E8%88%8D%E8%89%BE%E7%BE%8E%E9%85%92%E5%BA%97,gofind.com.tw,寒舍食譜 (台北寒舍艾美酒店) | 評價、菜單、地址 - GoFind 找地方｜台灣臺北市住宿飯店 評價・菜單 | GoFind 找地方,needs_direct_verification,,
065,愛爾蘭瘋薯（信義威秀）,success,3,https://mecotravel.tw/%E3%80%90%E5%8F%B0%E5%8C%97%E4%BF%A1%E7%BE%A9%E5%8D%80%E7%BE%8E%E9%A3%9F%E3%80%91%E6%9C%89%E5%89%B5%E6%84%8F%E7%9A%84%E7%BE%8E%E5%9C%8B%E8%96%AF%E6%A2%9D%EF%BC%8C%E6%84%9B%E7%88%BE%E8%98%AD%E7%98%8B/,mecotravel.tw,【台北信義區美食】有創意的美國薯條，愛爾蘭瘋薯Ireland’s Potato，下班喝酒好去處(信義威秀店) @陳小可的吃喝玩樂 @ 陳小可的吃喝玩樂,https://www.majisquare.com/food_view.php?id=275789,majisquare.com,MAJI 集食行樂Irelandfuns,https://wanteatfood.com/recommend/93224,wanteatfood.com,21間信義威秀美食街餐廳一覽，牛肉麵／日式燒肉／鐵板燒／酒吧，年輕人夜生活的大本營-在地老饕阿府,needs_direct_verification,,
066,85TD Chinese Restaurant,success,3,https://www.85td-101.com/,85td-101.com,捌伍添第 85TD-HOME,https://guide.michelin.com/tw/en/taipei-region/taipei/restaurant/85td,guide.michelin.com,85TD – Taipei - a MICHELIN Guide Restaurant,https://www.85td-101.com/portal_d800.php?owner_num=d800_92169&button_num=d800,85td-101.com,捌伍添第 85TD-OurCuisine,needs_direct_verification,,
068,雲錦中餐廳－台北君悅酒店,success,3,https://wendychangblog.com/%E5%8F%B0%E5%8C%97%E4%BF%A1%E7%BE%A9%E5%8D%80%E7%BE%8E%E9%A3%9F-%E5%90%9B%E6%82%85%E9%85%92%E5%BA%97%E9%9B%B2%E9%8C%A6%E4%B8%AD%E9%A4%90%E5%BB%B3-%E9%99%84%E8%8F%9C%E5%96%AE/,wendychangblog.com,台北信義區美食-“君悅酒店雲錦中餐廳”聚餐就來這！必點雲錦一刀肉-附菜單 – 溫蒂's blog,https://www.tablecheck.com/zh-TW/shops/grand-hyatt-taipei-yun-jin/reserve,tablecheck.com,雲錦中餐廳 - 台北君悅酒店 - TableCheck,https://www.barrelleaf.com/grand-hyatt-taipei-yun-jin,barrelleaf.com,【捷運台北101/世貿站】台北君悅酒店 雲錦中餐廳 Grand Hyatt Taipei - Yun Jin│夠味不鹹重中式料理 - Barrel Leaf 桶子葉,needs_direct_verification,,
069,味美早餐店 Wei Mei Breakfast Restaurant,success,3,https://goodeat.tw/food/wemai-breakfast/,goodeat.tw,威美早餐店，北醫美食，人氣排隊早餐，酥脆手工餅皮搭配鮪魚泥的蛋餅相當美味 @鄉民食堂,https://whitneyblog.com/weimei-breakfast/,whitneyblog.com,【台北 信義】威美早餐店～北醫商圈超人氣脆皮蛋餅，排隊也要吃的早餐名店 - 平心而論,https://nasheat.tw/weimei/,nasheat.tw,【台北101美食】威美早餐店，台北早餐推薦(菜單) @Nash，神之領域,needs_direct_verification,,
071,Just Grill,success,3,https://yaya.tw/just-grill/,yaya.tw,台北信義｜Just Grill誠品信義高空景觀餐廳，不只是牛排，海鮮吃到飽 - 劈腿女孩Yaya,https://bigpipi.tw/regent-just-grill/,bigpipi.tw,【市政府站美食】Just Grill，誠品信義餐廳推薦 晶華酒店館外牛排館（菜單） @翹臀吃四方,https://eattaipei.tw/just-grill/,eattaipei.tw,JUST GRILL (信義誠品) - 晶華酒店館外牛排館(內有菜單) ...,needs_direct_verification,,
072,永心鳳茶,success,3,https://www.bestatos.com/taste/%E5%8F%B0%E7%81%A3/%E6%B0%B8%E5%BF%83%E9%B3%B3%E8%8C%B6%E5%8D%97%E8%A5%BF%E5%BA%97/,bestatos.com,永心鳳茶南西店－最潮復古台式料理定食茶館| 最好是 ATOS | 生活本來的樣子,https://tiffany0118.tw/yonshintea/,tiffany0118.tw,[台北美食]永心鳳茶(附菜單)/道地台灣好茶與台菜的時尚茶館餐廳/台北網美餐廳推薦 - 小佳的幻想世界,https://weieat.tw/taipei_yonshintea/,weieat.tw,【中山美食】永心鳳茶，台菜遇上台茶，絕美復古餐廳 (菜單) @趁早出門吃飽飽,needs_direct_verification,,
073,歐帕希臘小館,success,2,https://www.17life.com/piinlife/1c3ba865-33df-4fb9-951e-04a5737f0d7d,17life.com,"OPA歐帕希臘小館《新北投店》-平假日店內消費金額抵用券，餐廳美食,甜點飲品,台北市,北投區,季節賞味,情人專屬,肉食主義,肉食主義,盛夏野餐日,市政府,象山,台北101/世貿,淡水信義線,板南線,假日適用，PiinLife 品生活",https://aova.tw/greek-go/,aova.tw,希臘左巴台大店｜美味希臘地中海料理，捷運台電大樓美食 – 可可多冰,,,,needs_direct_verification,,
074,Osteria by Angie,success,3,https://www.osteria.com.tw/,osteria.com.tw,Osteria by Angie,https://xinyi.osteria.com.tw/,xinyi.osteria.com.tw,Osteria by Angie / 台北微風信義店,https://wanderlog.com/place/details/2957298/osteria-by-angie%E5%85%89%E5%BE%A9%E5%BA%97,wanderlog.com,"Osteria by Angie光復店, Taipei, Taiwan - Reviews, Ratings, Tips and Why You Should Go – Wanderlog",needs_direct_verification,,
075,紅花鐵板燒－台北101旗艦店,success,3,https://xnfood.com.tw/redflower/,xnfood.com.tw,《食記》『紅花鐵板燒』- 台北市 捷運台北101/世貿站 台北101國際購物中心 - 賽肥膩膩の娛樂生活誌,https://nasheat.tw/hunghwa-101/,nasheat.tw,紅花鐵板燒|台北101 高單價鐵板燒的代名詞 (菜單 價錢 評價) @Nash，神之領域,https://stage.taipei101mall.com.tw/article/264,stage.taipei101mall.com.tw,經典中的經典紅花鐵板燒101旗艦店 - STAGE@TAIPEI 101,needs_direct_verification,,
076,開飯川食堂－台北阪急店,success,3,https://www.kaifun.com.tw/zh-TW/home,kaifun.com.tw,開飯川食堂 KAIFUN TOGETHER | 首頁,https://kaifun.eatogo.com.tw/zh-TW,kaifun.eatogo.com.tw,開飯川食堂,https://kaifun.com.tw/zh-TW/menu/menu_top,kaifun.com.tw,開飯川食堂 KAIFUN TOGETHER | 主廚推薦,needs_direct_verification,,
077,珍寶海鮮台北信義店,success,3,https://fooday.app/zh-TW/reviews/Y5c2nEqk27tWJ6QzdwrMSm,fooday.app,珍寶海鮮 台北信義店 | 來自 Dixon 的 3 顆星評論 | 海鮮餐廳 | 找餐廳用 Fooday,https://fooday.app/zh-TW/spots/JLtWMHvtnxa2ZH4KBGgZPf,fooday.app,珍寶海鮮 台北信義店 在 Fooday 美食社群 | 找餐廳不踩雷，最真實的美食 App,https://tiffany0118.tw/jumboseafood/,tiffany0118.tw,[信義區美食]珍寶海鮮-信義新天地A8/新加坡必吃辣椒螃蟹/2-3人樂享鮮蟹套餐每人990元就能吃到600g沙公超划算 @小佳的幻想世界 @ 小佳的幻想世界,needs_direct_verification,,
078,酮版低糖餐廳,success,3,https://remetw.com/keto-desserts-taipei/,remetw.com,健身族、糖尿病也能吃甜點！台北熱門生酮蛋糕推薦，無糖無麩質美味又健康,https://2hyperlife.com/tongwuntseng/,2hyperlife.com,酮溫層│生酮低碳健康餐盒專賣，主餐份量足夠配菜也豐富！還有生酮冰淇淋，裝潢色系還挺粉色少女心呢～ @強生與小吠的Hyper人蔘~ @ 強生與小吠的Hyper人蔘~,https://helena.tw/healthy-delicious-food/,helena.tw,【健康/瘦身外食懶人包】健康餐廳、健康料理、健康餐盒、生酮甜點～生酮/低GI/增肌減脂/輕食生菜沙拉～附各類火鍋/吃到飽自助餐/網購生酮甜點食品(台北美食、新北美食、網購美食)（持續更新中……） @Helena's Blog @ Helena's Blog,needs_direct_verification,,
079,金色三麥－微風南山店,success,3,https://www.lebledor.com/location/umami,lebledor.com,UMAMI 微風南山店- LE BLE D'OR 金色三麥,https://xnfood.com.tw/le-ble-dor-umami/,xnfood.com.tw,《食記》『金色三麥 UMAMI』- 台北市 捷運台北101/世貿站 微風南山 Breeze - 賽肥膩膩の娛樂生活誌,https://cinnachic.com/lebledor-umami/,cinnachic.com,【信義景觀餐廳】UMAMI 金色三麥。微風南山奢華優雅的金色三麥，朋友聚餐、約會首選！ - 琦那旅途中,needs_direct_verification,,
080,稻舍食館－統一時代店,success,3,https://www.rice1923.com/blogs/%E9%96%80%E5%B8%82/192871,rice1923.com,統一時代店介紹及菜單 稻舍食館,https://www.rice1923.com/uni-president,rice1923.com,統一時代店 | 稻舍食館 Rice & Shine Taiwanese Restaurant,https://www.rice1923.com/,rice1923.com,稻舍食館 ｜ 米香新浪，潮味稻舍,needs_direct_verification,,
082,Herbivore,success,3,https://www.skm.com.tw/brand/10916,skm.com.tw,HERBIVORE 專櫃/門市,https://ifoodie.com.tw/blog/5c6bf60d23679c50ad1f9fcd/,ifoodie.com.tw,"愛食記| Herbivore Vegan料理 素食餐廳 新光三越A4, 喜喜: 台北市信義區美食 - 愛食記: 最好用的美食App",https://ifoodie.com.tw/post/5c6bf60d23679c50ad1f9fcd,ifoodie.com.tw,Herbivore Vegan料理 素食餐廳 新光三越A4』| Herbivore Vegan料理 - 愛食記,needs_direct_verification,,
083,Cheers－台北君悅酒店,success,3,https://www.tablecheck.com/zh-TW/shops/grand-hyatt-taipei-cheers/reserve,tablecheck.com,Cheers 歡飲廊 - 台北君悅酒店 - TableCheck,https://posh.com.tw/%E5%8F%B0%E5%8C%97%E5%90%9B%E6%82%85%E9%A3%AF%E5%BA%97%E3%80%90cheers%E6%AD%A1%E9%A3%B2%E5%BB%8A%E3%80%91/,posh.com.tw,台北君悅飯店輕食分享~【Cheers歡飲廊】 - Posh by Live 賞味人生,https://shopee.tw/%E5%8F%B0%E5%8C%97%E5%90%9B%E6%82%85%E9%85%92%E5%BA%97-cheers-%E6%AD%A1%E9%A3%B2%E5%BB%8A-%E6%AD%A1%E6%9A%A2%E6%99%82%E5%85%89%E6%99%9A%E9%A4%90%E9%9B%99%E4%BA%BA%E5%88%B8-%E8%B3%A0%E5%94%AE-i.13800501.21616757166,shopee.tw,台北君悅酒店cheers 歡飲廊歡暢時光晚餐雙人券賠售 - 蝦皮,needs_direct_verification,,
084,非常泰概念餐坊－Neo19店,success,3,https://www.verythai.com.tw/,verythai.com.tw,非常泰概念餐坊｜泰式美食享樂地,https://www.verythai.com.tw/tw/store,verythai.com.tw,分店資訊| 非常泰Very Thai Restaurant & Bar,https://carollin.tw/2013-12-07-784/,carollin.tw,【隨興食記】《非常泰概念餐坊(Neo 19店)》 - 卡琳。摸魚兒趣,needs_direct_verification,,
085,段純貞牛肉麵,success,3,https://www.duanchunzhen.com/,duanchunzhen.com,段純貞 | 獨門23香，以香傳鄉的經典牛肉麵,https://yummyyummy.tw/duanchunzhen/,yummyyummy.tw,台北美食推薦「段純貞牛肉麵」經典傳承牛肉麵！令人意猶未盡的實在好味道～ - YummyFood＊呀咪懂吃,https://tourism.hccg.gov.tw/chtravel/app/travel/view?id=30&serno=c74ed8d5-ee1c-4708-8760-0bca9262d50e&module=travel,tourism.hccg.gov.tw,特色美食-段純貞牛肉麵-新竹市觀光旅遊網,needs_direct_verification,,
086,燒肉中山 Zonzen,success,3,https://www.zonzen.com.tw/,zonzen.com.tw,燒肉中山｜板前中山｜中山 Red Label｜四行倉庫｜中山家餐飲,https://ifoodie.com.tw/restaurant/5eb56b272756dd0ba87690ad-%E7%87%92%E8%82%89%E4%B8%AD%E5%B1%B1-ZONZEN,ifoodie.com.tw,燒肉中山 ZONZEN 線上訂位、菜單 - 台北信義區的燒肉 | 愛食記,https://www.bigfang.tw/blog/post/zonzen-yakiniku-att4fun,bigfang.tw,"[台北信義區頂級燒肉] 燒肉中山台北信義 @ 高空夜景,座位舒適,桌邊服務優,全程代客燒烤,和牛品質棒,線上訂位超方便 - 樂活的大方",needs_direct_verification,,
087,Seasons by Olivier E.,success,3,https://www.vogue.com.tw/article/seasons-by-olivier-e,vogue.com.tw,HOT SPOT／台北W飯店「Seasons by olivier e.」全新開幕！攜手米其林星廚奧利維耶·埃爾澤（Olivier Elzer）演繹當代法餐，親民價格讓品嚐法餐更輕鬆 | Vogue Taiwan,https://www.elle.com/tw/life/foodie/g45257146/seasons-by-olivier-e/,elle.com,25顆米其林星星主廚首度登台！Seasons by olivier e. 降臨台北W飯店，無菜單料理2千有找就能品嚐,https://www.elle.com/tw/life/foodie/g62064837/w-taipei-seasons-by-olivier-e/,elle.com,台北W飯店法式餐廳Seasons by olivier e.一週年菜單！27顆米其林星主廚掌杓「週年晚宴套餐」,needs_direct_verification,,
088,瓦城泰國料理－松山車站店,success,3,https://www.citylink.tw/songshan/?p=988,citylink.tw,瓦城｜2F – CITYLINK松山壹號店 — 幸福車站、旅途中的小確幸,https://jumpingsugar.com/blog/post/thaitown,jumpingsugar.com,【瓦城泰國料理】菜單價錢大公開 ! 怎麼點最划算? 台北松山車站美食 @凱西跳跳糖の美食旅遊,https://www.thaitown.com.tw/,thaitown.com.tw,瓦城泰國料理｜全國最大泰國料理第一品牌！,needs_direct_verification,,
089,The Chapter Cafe,success,3,https://wallacewang.tw/3302,wallacewang.tw,The Chapter Café｜誠品行旅的無國界潮食創意料理，擁抱松菸最美景色,https://www.madamzoro.com/the-chapter-cafe-%E8%AA%A0%E5%93%81%E8%A1%8C%E6%97%85-eslite-hotel/,madamzoro.com,The Chapter Cafe - 誠品行旅 eslite hotel - Madam Zoro 柔柔夫人 - 幸福人生休息站,https://peipei.tw/the-chapter-cafe/,peipei.tw,誠品行旅下午茶｜The Chapter Café 巴洛克花園下午茶雙人分享餐 @主播台下的小確幸❤貝貝,needs_direct_verification,,
090,One Rule,success,3,https://www.onerule.com.tw/en/menu/,onerule.com.tw,主菜單 - ONE RULE Taipei,https://hansphoto.tw/onerule/,hansphoto.tw,ONE RULE Taipei 複合式酒吧，提供療癒富設計感的空間，在絕美Taipei 101夜景襯托下享用專業又美味的多樣化創意料理與各式酒品，台北信義區酒吧超推薦 | 翰斯輕旅攝,https://www.att4fun.com.tw/night-in/221zX3FRs8QS9twd,att4fun.com.tw,ONE RULE - 越夜越美麗- 吸引力生活事業股份有限公司,needs_direct_verification,,
092,輪輪1976 和食茶酒驛,success,3,https://dalang.tw/%E3%80%90%E8%BC%AA%E8%BC%AA1976-%E5%92%8C%E9%A3%9F%E8%8C%B6%E9%85%92%E9%A7%85%E3%80%91%E5%8F%B0%E5%8C%97%E4%BF%A1%E7%BE%A9%E5%8D%80%E9%A4%90%E9%85%92%E9%A4%A8%E6%8E%A8%E8%96%A6%EF%BC%8C%E6%9C%80/,dalang.tw,【輪輪1976 和食茶酒駅】台北信義區餐酒館推薦，最復古摩登的茶酒餐旅，在沉浸式星級餐酒列車裡享受美食調酒 – 達浪的日常手札,https://jjtheday.com/%E8%BC%AA%E8%BC%AA1976/,jjtheday.com,輪輪1976 和食茶酒駅｜台北市信義區｜大正浪漫重現台北·日本大正時代豪華車廂·懷舊浪漫復古風格 – JJ.Hsu,https://omega.taipei/lun1976/,omega.taipei,《台北美食》輪輪1976 和食茶酒駅|信義區創意日料餐酒館，來場列車情緣 – 半熟態度-歐美加,needs_direct_verification,,
094,施家麻油腰花,success,3,https://letsplay.tw/shijia-yaohua2504/,letsplay.tw,單鍋現煮就是香！清爽不膩口的老字號麻油腰花,https://gurunews.tw/shih-jia/,gurunews.tw,施家麻油腰花．台北信義區美食｜信義區超人氣麻油腰花！開業51年老字號麻油魂！神級魯肉飯必點！腰花脆嫩無腥味！天天大排長龍不誇張！捷運永春站～中肯‧食記！ @包子爸の食尚攝影手札 @ 包子爸の食尚攝影手札,https://ajtravel.tw/2018-01-12-1461/,ajtravel.tw,台北美食 施家麻油腰花 冬季進補好選擇 @AJ的旅行地圖 @ AJ的旅行地圖,needs_direct_verification,,
095,鯤壽司,success,3,https://www.104.com.tw/company/1a2x6blt2n,104.com.tw,鯤壽司（預約制無菜單料理）_鯤壽司餐飲水產有限公司,https://www.jumpman.tw/1022.html,jumpman.tw,[台北捷運市政府站]鯤壽司日本料理- 瞭解食材的料理手法 讓食物更加美味 讓我吃得不禁嘴角上揚 而且價格又實在 這家非常推薦啊 @跳躍的宅男 @ 跳躍的宅男,https://www.mobile01.com/topicdetail.php?f=189&t=6083881,mobile01.com,鯤壽司日本料理 - Mobile01,needs_direct_verification,,
096,大心新泰式麵食－台北信義威秀店,success,3,https://fooday.app/zh-TW/spots/nQZqtSV33CEKdWnMURMfJ7,fooday.app,大心新泰式麵食 - 台北信義威秀店 在 Fooday 美食社群 | 找餐廳不踩雷，最真實的美食 App,https://sarychien.com/%E5%A4%A7%E5%BF%83%E6%96%B0%E6%B3%B0%E5%BC%8F%E9%BA%B5%E9%A3%9F-%E5%8F%B0%E5%8C%97%E4%BF%A1%E7%BE%A9%E5%A8%81%E7%A7%80%E5%BA%97/,sarychien.com,大心新泰式麵食-台北信義威秀店 ｜酸辣海陸麵湯頭擁有獨特的酸辣感- 紗莉 Sary Chien,https://threethree.tw/%E3%80%90%E5%8F%B0%E5%8C%97-%E4%BF%A1%E7%BE%A9%E5%8D%80%E3%80%91-%E5%A4%A7%E5%BF%83%E6%96%B0%E6%B3%B0%E5%BC%8F%E9%BA%B5%E9%A3%9Fx%E7%93%A6%E5%9F%8E%E6%97%97%E4%B8%8B%E6%B3%B0%E5%BC%8F%E9%A4%90/,threethree.tw,【台北 信義區】 大心新泰式麵食x瓦城旗下泰式餐廳x泰味王道招牌酸辣海陸麵x椒麻雞飯 – 快門女子食旅誌,needs_direct_verification,,
097,納達吉印度料理 Nataraj,success,2,https://www.foodytw.com/review/8672,foodytw.com,Nataraj 納達吉印度料理@台北南京東路 — 華麗細膩的印度料理演繹 - Foody 吃貨,https://www.shop1688.com.tw/aom20200226025/,shop1688.com.tw,"納達吉印度料理 | 台北印度料理,台北印度餐廳",,,,needs_direct_verification,,
098,北平都一處,success,3,https://icecreamcat.tw/doittrue/,icecreamcat.tw,【台北美食】都一處仁愛店 米其林菜單推薦，國父紀念館附近北平合菜 @冰淇淋貓的軟爛生活,https://kkmurmur.com/doittrue/,kkmurmur.com,【都一處-仁愛店】飄香七十餘年，米其林必比登推薦的北平菜老店｜台北信義區美食推薦｜捷運國父紀念館站合菜(菜單) - 老K嘴一下,https://stancy.tw/dit/,stancy.tw,都一處內湖店｜台北米其林必比登美食餐廳｜松子燻雞、塔槤火燒必點｜內湖北平餐館（菜單、價格） @Stancy teacher 美味異想世界,needs_direct_verification,,
099,小後苑,success,2,https://2hyperlife.com/xinyuan/,2hyperlife.com,馨苑小料理松竹店│米其林必比登推薦精緻台菜餐廳，竟然還有好喝咖啡！台中第三間就在舊社捷運站下來走路不到2分鐘 @強生與小吠的Hyper人蔘~,https://www.wepeople.club/%E5%B0%8F%E5%BE%8C%E8%8B%91%E8%B7%B3%E8%84%AB%E6%97%A5%E5%A4%9C%E7%95%8C%E7%B7%9A%EF%BC%8C%E8%AE%93%E9%A4%90%E9%85%92%E8%88%87%E6%97%A9%E5%8D%88%E9%A4%90%E9%83%BD%E8%83%BD%E6%94%BE%E9%AC%86%E9%AB%94/,wepeople.club,小後苑跳脫日夜界線，讓餐酒與早午餐都能放鬆體驗放鬆氛圍 - WEPEOPLE CLUB,,,,needs_direct_verification,,
100,百家班活蝦店－基隆路店,success,3,https://www.heyahh.com.tw/collections/prawn-keelungroad,heyahh.com.tw,活蝦料理｜百家班基隆路店,https://www.heyahh.com.tw/pages/baijiaban-zeelungroad-menu,heyahh.com.tw,百家班 基隆路店｜菜單,https://misoway.com/%E3%80%90%E5%8F%B0%E5%8C%97-%E4%BF%A1%E7%BE%A9%E3%80%91%E7%99%BE%E5%AE%B6%E7%8F%AD%E6%B4%BB%E8%9D%A6%E5%9F%BA%E9%9A%86%E8%B7%AF%E5%BA%97-%E2%9E%A4-%E8%B6%85%E5%A5%BD%E5%90%83%E8%83%A1%E6%A4%92/,misoway.com,【台北 信義】百家班活蝦基隆路店 ➤ 超好吃胡椒蝦，涮嘴一隻接一隻，吮指美味藝人也受不了！台北活蝦推薦！ – 專業噗嚨共MISO吃走,needs_direct_verification,,
101,北平陶然亭 Beijing－Do It True,success,3,https://go.liontravel.com/zh-tw/attraction/beijing-taoranting_park-q835886,go.liontravel.com,陶然亭公園攻略及週邊必遊景點推薦｜雄獅旅遊,https://guide.michelin.com/tw/zh_TW/article/dining-out/bib-Tao-Luan-Ting-Roast-Peking-Duck-Palace,guide.michelin.com,北平陶然亭：扎實工夫菜 老店飄香,https://www.travelwithjason.com.tw/archives/3731,travelwithjason.com.tw,都一處 Do It True｜米其林必比登推薦 北平地道料理＆酸菜白肉鍋,needs_direct_verification,,
102,NOLA Kitchen－信義店,success,3,https://iriseating.com/nolakitchentw/,iriseating.com,Nola Kitchen紐澳良小廚｜台北老字號美式餐廳，多種美國南方傳統菜。全天精釀啤酒買一送一 – 艾瑞絲的吃貨日常,https://carina.com.tw/%E3%80%90%E5%8F%B0%E5%8C%97%E4%BF%A1%E7%BE%A9%E7%BE%8E%E9%A3%9F%E3%80%91nola-kitchen-%E7%B4%90%E6%BE%B3%E8%89%AF%E5%B0%8F%E5%BB%9A-%E4%BF%A1%E7%BE%A9%E8%B1%A1%E5%B1%B1%E5%BA%97%EF%BC%9A%E4%B8%80/,carina.com.tw,【台北信義美食】Nola Kitchen 紐澳良小廚- 信義象山店：一秒飛到紐奧良，道地南方美式料理︱捷運象山站交通、菜單、評價 – 洋洋的吃喝玩樂,https://dailycheska.com/food/nola-kitchen/,dailycheska.com,Nola Kitchen 紐澳良小廚 ｜象山美食推楓糖鬆餅炸雞,needs_direct_verification,,
103,阮小越,success,3,https://toppho-ruan.oddle.me/zh_TW,toppho-ruan.oddle.me,阮小越 越南料理訂餐網站,https://forum.gamer.com.tw/C.php?bsn=60080&snA=15530,forum.gamer.com.tw,【台北】阮小越越南料理｜平價卻精緻的越式套餐 @超級大玩家～吃喝玩樂電玩族 哈啦板 - 巴哈姆特,https://venuslin.tw/aboutme/,venuslin.tw,關於我 - 跟著小V吃喝玩樂,needs_direct_verification,,
104,牛かつもと村－遠百信義A13,success,3,https://nicklee.tw/2825/gyukatsu-motomura-a13/,nicklee.tw,來自日本的排隊美食-炸牛排-炸牛元村(遠百信義A13) – 小氣少年的部落格,https://maxfoodfun.com/%E7%82%B8%E7%89%9B%E5%85%83%E6%9D%91%E9%81%A0%E7%99%BE%E4%BF%A1%E7%BE%A9a13%EF%BD%9C%E5%8F%B0%E5%8C%97%E4%BF%A1%E7%BE%A9%E5%8D%80%E5%BF%85%E5%90%83%E7%BE%8E%E9%A3%9F%E6%8E%A8%E8%96%A6%EF%BC%9A/,maxfoodfun.com,炸牛元村遠百信義A13｜台北信義區必吃美食推薦：來自日本東京人氣炸牛排 先炸後煎牛排好嫩厲害 白飯高麗菜絲及味噌湯無限續加 台北炸牛排推薦|捷運市政府站|台北101|誠品信義店| – 愛吃愛玩的馬克斯,https://foodieteller.com/fried-beef/,foodieteller.com,台北遠百信義A13美食｜炸牛元村信義店日本炸牛排名店牛排想烤幾分熟自己來！ - 波妮說食話,needs_direct_verification,,
105,瓦城泰國料理－新光三越信義店,success,3,https://jeremyfoodie.tw/%E9%A3%9F%E8%A8%98%E5%8F%B0%E5%8C%97%E5%B8%82-%E7%93%A6%E5%9F%8E%E6%B3%B0%E5%9C%8B%E6%96%99%E7%90%86-%E5%8F%B0%E5%8C%97%E4%B8%89%E8%B6%8A%E5%8D%97%E8%A5%BF%E5%BA%97/,jeremyfoodie.tw,[食記][台北市] 瓦城泰國料理 台北三越南西店 – Jeremy以食為天,https://www.thaitown.com.tw/tw/booking,thaitown.com.tw,瓦城泰國料理｜全國最大泰國料理第一品牌！,https://www.skm.com.tw/brand/12898,skm.com.tw,瓦城 專櫃/門市｜新光三越百貨,needs_direct_verification,,
106,黑毛屋信義店,success,3,https://www.honke.kurogeya.com.tw/zh/branch,honke.kurogeya.com.tw,黑毛屋本家｜分店據點,https://tisshuang.com/blog/post/honke,tisshuang.com,【黑毛屋本家商業午餐】台北火鍋高級食材，信義新天地A4美食 - TISS玩味食尚,https://hedonistjun.com/kurogeya/,hedonistjun.com,【台北信義】黑毛屋本家(附菜單)一個人也該好好享用頂級和牛鍋物 – JUN享樂誌｜HEDONIST JUN,needs_direct_verification,,
107,陳根找茶,success,3,https://www.cutaway.com.tw/makeOrder.php?sid=827,cutaway.com.tw,陳根找茶- Cutaway 卡個位| 外送- 台北,https://whitneyblog.com/chengenzhaocha/,whitneyblog.com,【台北 信義】陳根找茶～網評破2千則早餐名店，法式土司是經典必吃代表 - 平心而論,https://diaryoffoodie.com/chengenzhaocha/,diaryoffoodie.com,陳根找茶｜台北信義區・101/世貿站 | 日常食札,needs_direct_verification,,
108,戴記獨臭之家,success,3,https://www.viviyu.com/archives/61831,viviyu.com,[八德美食]戴記獨臭之家|挑戰味蕾極限~臭豆腐界的「藍紋乳酪」！挑戰全台最臭傳說．還有分級臭味,https://gwan.tw/daihouse/,gwan.tw,戴記獨臭之家｜這間臭豆腐又臭又特別，還有各種特別料理 - 吃關關,https://golike.tw/food/food-taiwan/taipei-dai_stinkytofu/,golike.tw,【信義區美食】戴記獨臭之家｜臭豆腐有分等級你知道嗎？(2023) - Golike,needs_direct_verification,,
109,楓樹韓國烤肉,success,3,https://47life.tw/maple-tree-house/,47life.tw,【信義美食-楓樹韓式烤肉】被譽為世上最好吃燒烤，愛吃韓式料理的人不能錯過，商業午餐價格親民，高級韓式餐廳 – 47食樂天地,https://brightcc.tw/maple-tree-house/,brightcc.tw,【Maple Tree House 楓樹 韓國烤肉】台北信義專人代烤韓式烤肉 - 柒嫣食旅日常 ♦ Kirara,https://ifoodie.com.tw/restaurant/5936efad2756dd5f7e556ac7-Maple-Tree-House-%E6%A5%93%E6%A8%B9-,ifoodie.com.tw,Maple Tree House 楓樹 韓國烤肉 線上訂位、菜單 | 愛食記,needs_direct_verification,,
110,饗泰多－松高店,success,3,https://www.siammore.com.tw/zh-TW/store/STB005,siammore.com.tw,饗泰多 SIAM MORE 泰式風格餐廳 | 官方網站 | 餐廳據點,https://woment.com.tw/16484/siam-more/,woment.com.tw,饗泰多泰式料理好吃嗎？2026 最新菜單必點推薦與深度評價：解析泰國四大菜系風味，松高店聚餐必看指南,https://siammore.eatogo.com.tw/zh-TW,siammore.eatogo.com.tw,饗泰多,needs_direct_verification,,
111,SUBWAY Taipei 101,success,3,https://taiwan.net.tw/m1.aspx?id=7927&sNo=0001090,taiwan.net.tw,台北101 > 臺北市 > 交通部觀光署,https://www.taipei-101.com.tw/index_en.htm,taipei-101.com.tw,台北101 TAIPEI 101,https://subway.com.tw/,subway.com.tw,SUBWAY | 首頁,needs_direct_verification,,
112,心月懷石日本料理,success,3,https://funmag.com.tw/tasty/xinyue-kaiseki,funmag.com.tw,心月懷石料理》台北無菜單料理 開業20年以上日式料理 台北私廚,https://www.104.com.tw/company/1a2x6bka9n,104.com.tw,心月日式懷石料理店_心月餐廳有限公司,https://sylvia128.com/post-588567085/,sylvia128.com,【信義區無菜單料理】心月精緻懷石無菜單料理，每一口讓人沈浸在海味之中！信義區懷石料理、台北101世貿日本料理推薦 @希薇亞の食在玩味 @ 希薇亞の食在玩味,needs_direct_verification,,
113,周胖子餃子館－忠孝店,success,1,https://charliegogogogo.blogspot.com/2017/03/fat-zhous-dumplings-taipei-taiwan.html,charliegogogogo.blogspot.com,"台灣美食：周胖子餃子館 Fat Zhou’s Dumplings - Taipei, Taiwan",,,,,,,needs_direct_verification,,
114,Divadlo 捷克公寓,success,3,https://www.czech.com.tw/,czech.com.tw,台北的捷克餐酒館 | Divadlo 捷克公寓,https://www.zeczec.com/projects/divadlo,zeczec.com,嘖嘖 | Divadlo 捷克公寓 2.0｜ 台灣唯一的捷克餐廳搬家計畫,https://www.travelerluxe.com/article/desc/240010422,travelerluxe.com,來「劇院」喝一杯？全台唯一捷克餐酒館「捷克公寓 Divadlo」，徜徉華麗典雅的1930年代波西米亞之鄉｜TRAVELER Luxe旅人誌,needs_direct_verification,,
115,YABI Kitchen－微風南山店,success,3,https://47life.tw/yabi-kitchen/,47life.tw,信義美食-YABI KITCHEN 微風南山店 跨國界創意亞洲美食 聚餐好去處 – 47食樂天地,https://www.bestatos.com/taste/yabi-kitchen/,bestatos.com,YABI KITCHEN微風南山店－環遊東亞碰撞新滋味| 最好是 ATOS | 生活本來的樣子,https://xnfood.com.tw/yabi-kitchen/,xnfood.com.tw,《食記》『YABI KITCHEN 亞洲南洋料理』- 台北市 捷運台北101/世貿站 微風南山 Breeze - 賽肥膩膩の娛樂生活誌,needs_direct_verification,,
116,I Met You Cafe,success,3,https://beri.tw/i-met-you-cafe/,beri.tw,【信義區甜點推薦】I Met You Cafe歐洲鄉村風古物咖啡廳，超夢幻「玫瑰伯爵戚風蛋糕」，復古風情讓人想無限次回訪 - 莓姬貝利 • 食事旅行,https://carollin.tw/i-met-you/,carollin.tw,台北美食｜信義區《I Met You Cafe》巷子裡的小歐洲 不限時咖啡館 - 卡琳。摸魚兒趣,https://booking.menushop.tw/imetyoucafe,booking.menushop.tw,I Met You Cafe-總店 | MENU 店＋ 24 小時線上預約,needs_direct_verification,,
117,大戶屋－松山車站店,success,3,https://www.citylink.tw/songshan/?p=2862,citylink.tw,大戶屋｜1F – CITYLINK松山壹號店 — 幸福車站、旅途中的小確幸,https://www.amot.org.tw/rest_detail/?id=1&rid=27,amot.org.tw,大戶屋,https://wanteatfood.com/recommend/19926,wanteatfood.com,34間松山citylink美食一覽，日式燒肉／中式熱炒／迴轉壽司／披薩，餐廳種類選擇多樣-在地老饕阿府,needs_direct_verification,,
118,大戶屋－統一時代台北店,success,3,https://www.uni-ustyle.com.tw/zh-tw/brand-floor/141,uni-ustyle.com.tw,大戶屋 - 統一時代百貨台北店丨DREAM PLAZA,https://cc77.tw/%E5%A4%A7%E6%88%B6%E5%B1%8B-%E8%8F%9C%E5%96%AE-%E7%B5%B1%E4%B8%80%E6%99%82%E4%BB%A3%E7%99%BE%E8%B2%A8%E7%BE%8E%E9%A3%9F%E3%80%90%E5%A4%A7%E6%88%B6%E5%B1%8B%E3%80%91%E8%A9%95%E5%83%B9%EF%BC%8C%E7%AC%AC/,cc77.tw,大戶屋/菜單/統一時代百貨美食【大戶屋】評價，第一次吃就驚豔！高麗菜、味噌湯、白飯無限續 – 敲敲的生活及購物誌,https://xnfood.com.tw/ootoya/,xnfood.com.tw,《食記》『大戶屋 OOTOYA 日式料理』- 台北市 捷運市政府站 統一時代百貨美食街 - 賽肥膩膩の娛樂生活誌,needs_direct_verification,,
120,Hong Kong 88 Hot Pot,success,3,https://hongkonghotpot.com/,hongkonghotpot.com,香港火鍋 Hong Kong Hot Pot – 点燃火鍋冒險，由此開始 Your Hot Pot Adventure Starts Here,https://thehkhub.com/best-hot-pot-restaurants-hong-kong/,thehkhub.com,"15 Hot Pot Restaurants With All-You-Can-Eat, Chinese, Japanese & Taiwanese Options - The HK HUB",https://thehoneycombers.com/hong-kong/best-hot-pot-restaurants-in-hong-kong/,thehoneycombers.com,Head to these top hot pot restaurants in Hong Kong for some deliciously tasty and interactive dining,needs_direct_verification,,
121,Bing,success,3,https://www.microsoft.com/zh-tw/bing?ep=1015&es=192&form=MA13QZ&cs=578062562,microsoft.com,Microsoft Bing | 認識 Bing,https://biying.com.tw/bingx/,biying.com.tw,BingX是什麼？台灣用戶指南：平台特色、註冊教學與風險解析,https://www.bing.com/,bing.com,Bing,needs_direct_verification,,
122,MiaCucina－信義店,success,3,https://travelersunny.com/miacucina-xinyi/,travelersunny.com,台北-Miacucina 信義｜最沒吃素感的義式蔬食餐廳 無肉也美味 - 旅人桑妮的斜槓人生 一點一點探險整個世界,https://www.kuangtc.com/2018/07/miacucina-my-kitchen.html,kuangtc.com,台北 miacucina (My Kitchen) 信義店．肉食主義者也能接受的蔬食義大利餐廳 - 匡大不誇大部落格,https://www.threads.com/@olivia_food_blog/post/DPcj230kxLl/%E5%8F%B0%E5%8C%97miacucina%E4%BF%A1%E7%BE%A9%E5%BA%97%E9%99%84%E4%B8%8A%E8%8F%9C%E5%96%AE%E6%96%B0%E5%85%89%E4%B8%89%E8%B6%8Aa11%E5%85%A7%E8%94%AC%E9%A3%9F%E9%A4%90%E5%BB%B3-%E6%9C%89%E8%81%96%E8%AA%95%E9%81%8E%E7%AF%80%E6%B0%A3%E6%B0%9B%E9%BB%9E%E4%BA%86%E7%83%A4%E8%94%AC%E8%8F%9C%E7%82%92%E8%8F%87%E6%B2%99%E6%8B%89-%E9%86%AC%E6%96%99%E8%AA%BF%E9%85%8D%E7%9A%84%E4%B8%8D%E5%A5%BD%E9%9D%92%E9%86%AC%E8%98%86%E7%AD%8D%E7%BE%A9%E5%A4%A7%E5%88%A9%E9%BA%B5%E9%80%99%E9%81%93%E5%91%B3%E9%81%93%E9%87%8D%E5%8F%A3%E9%82%84%E5%8F%AF%E4%BB%A5%E5%9C%96%E4%BA%94%E5%BE%8C%E9%83%BD%E6%98%AF%E8%8F%9C%E5%96%AE-/?hl=zh-tw,threads.com,台北📍Miacucina信義店（附上菜單） 新光三越A11內蔬食餐廳 有聖誕過節氣氛 🥣點了烤蔬菜炒菇沙拉 醬料調配的不好 🍴青醬蘆筍義大利麵這道味道重口還可以 圖五後都是菜單 可以參考 也許其它餐點有好吃的 但是沒點到 備註：可能會推薦點雙人套餐$1590+10% 因為我點兩道含服務費大約$1100（結帳才發現套餐比較划算 而且套餐內就有青醬義大利麵） 地址：台北市信義區松壽路11號2 樓,needs_direct_verification,,
123,渣男 Taiwan Bistro,success,2,https://bigsharkgogogo.tw/zhananbistro7aa/,bigsharkgogogo.tw,【西區美食】渣男Taiwan Bistro，台式滷味居酒屋，台中西區美食推薦 (菜單) @鯊魚大口咬,https://www.paine0602.com/taiwan-bistro/,paine0602.com,渣男Taiwan Bistro》台味居酒屋的文青復古滷味攤,,,,needs_direct_verification,,
124,劉媽媽涼麵,success,3,https://maggieblog.tw/liu-mama-liang-mian-2/,maggieblog.tw,台北涼麵推薦必吃，劉媽媽涼麵，夜貓子必吃台北宵夜熱門排隊店 – 瑪姬幸福過日子,https://blake.com.tw/blog/post/liu-mama-liang-mian-2510,blake.com.tw,劉媽媽涼麵｜來這必點蒜味超重涼麵，越晚越多夜貓子排隊的台北宵夜美食 @布雷克的出走旅行視界,https://www.mecocute.com/liumamaliangmian/,mecocute.com,【台北宵夜】劉媽媽涼麵，台北早餐宵夜小吃推薦,needs_direct_verification,,
125,KingSpicy J,success,3,https://www.king.com.tw/pages/5e3a22e516acf100306e29cb,king.com.tw,商店介紹,https://www.king.com.tw/pages/67467e7e51633c000d56261c,king.com.tw,新的分頁,https://vivawei.tw/jsfoodies/,vivawei.tw,台北林口美食｜『J.S.FOODIES』超好吃!奇蹟的舒芙蕾鬆餅(三井OUTLET) - 瑋瑋＊美食萬歲,needs_direct_verification,,
127,上席小館,success,2,https://queeniej.com/archives/taipei-page/,queeniej.com,台北市中山區｜Restaurant Page 頁小館｜台北米其林指南餐盤推薦｜中菜西餐的浪漫｜約會聚餐推薦 |,https://hippolife.tw/taipei-food-restaurantpage,hippolife.tw,【頁小館】平價吃米其林餐盤推薦餐廳！巷弄中的美味西餐料理 | 河馬體驗,,,,needs_direct_verification,,
128,紅豆食府－信義店,success,3,https://www.bigfang.tw/blog/post/31387707,bigfang.tw,[台北] 三越信義A9 紅豆食府 @ 上海菜，大方還是喜歡這間啦～,https://rsv.skm.com.tw/groups/skm-xinyi/companies/-KsqaUb1U_CGncVPQV7m/restaurants/-KsqaUbvMW4rE7XJK17l/booking,rsv.skm.com.tw,紅豆食府線上訂位｜台北信義新天地A9｜新光三越,https://guide.easytravel.com.tw/scenic/62656,guide.easytravel.com.tw,紅豆食府-信義店 - 台灣旅遊景點- 四方通行,needs_direct_verification,,
129,犇－微風信義館,success,1,https://www.bencuisine.com/,bencuisine.com,"犇鐵板燒|鐵板料理,高階食材,頂級牛肉",,,,,,,needs_direct_verification,,
130,元食 Cafe,success,3,https://yuancafe.cashier.ecpay.com.tw/,yuancafe.cashier.ecpay.com.tw,元食咖啡,https://letsplaylucky.tw/yuan-cafe/,letsplaylucky.tw,[台北信義] 元食cafe Feed to Table 可追朔到動物吃什麼的台灣在地肉品，究好豬超美味 @大手牽小手。玩樂趣,https://shopee.tw/octave_center,shopee.tw,"元食cafe, 線上商店",needs_direct_verification,,
131,CPK 加州創意廚房,success,3,https://www.gq.com.tw/life/content-7393,gq.com.tw,風靡全美連鎖比薩餐廳 California Pizza Kitchen(CPK 加州創意廚房)終於來台 華納威秀全台第一家開幕-美食-GQ瀟灑男人網 | GQ Taiwan,https://www.threads.com/@californiakitchen_1215/post/DIMg9NkSn7m/%E5%90%8D%E7%A8%B1%E5%8A%A0%E5%B7%9E%E5%BB%9A%E6%88%BF-%E8%81%B7%E7%BC%BA%E5%90%8D%E7%A8%B1%E5%85%BC%E8%81%B7%E6%9C%88%E8%96%AA%E6%99%82%E8%96%AA%E6%99%82%E8%96%AA200%E5%85%83%E8%B5%B7%E5%B7%A5%E4%BD%9C%E5%85%A7%E5%AE%B9%E7%83%B9%E9%A3%AA%E5%82%99%E6%96%99%E6%8E%A5%E5%BE%85%E9%A3%B2%E5%93%81%E8%A3%BD%E4%BD%9C%E4%B8%8A%E7%8F%AD%E5%9C%B0%E9%BB%9E%E6%96%B0%E5%8C%97%E5%B8%82%E4%B8%AD%E5%92%8C%E5%8D%80%E8%88%88%E5%8D%97%E8%B7%AF%E4%B8%80%E6%AE%B585%E5%B7%B731%E8%99%9F%E5%85%AC%E5%8F%B8%E7%A6%8F%E5%88%A9%E5%8B%9E%E5%81%A5%E4%BF%9D%E4%B8%8D%E5%AE%9A%E6%99%82%E9%A3%B2%E6%96%99%E9%9B%B6%E9%A3%9F%E6%AB%83%E5%93%A1%E5%B7%A5%E9%A4%90%E6%A5%AD%E7%B8%BE%E7%8D%8E,threads.com,【名稱】：加州廚房 【職缺名稱】：兼職 【月薪/時薪】：時薪200元起 【工作內容】：烹飪、備料、接待、飲品製作 【上班地點】：新北市中和區興南路一段85巷31號 【公司福利】：勞健保、不定時飲料、零食櫃、員工餐、業績獎金、全勤獎金等 【上班時間】：11:00～21:00（可面談） 【月休天數】：8天以上 【聯絡方式】：0917240746 張店長 【履歷信箱】：eve77719@yahoo.com.tw 歡迎投遞,https://ifoodie.com.tw/news/California,ifoodie.com.tw,California Top 15 餐廳食記分享(每日更新) - 愛食記美食App,needs_direct_verification,,
132,三太養生鐵板燒,success,2,http://suntay.myweb.hinet.net/,suntay.myweb.hinet.net,三太養生鐵板燒,https://www.yelp.com/biz/%E4%B8%89%E5%A4%AA%E9%A4%8A%E7%94%9F%E9%90%B5%E6%9D%BF%E7%87%92-%E4%BF%A1%E7%BE%A9%E5%8D%80,yelp.com,"三太養生鐵板燒 - Updated May 2026 - 信義路四段450巷9號, 信義區, 台北市, Taiwan - Teppanyaki - Restaurant Reviews - Phone Number - Yelp",,,,needs_direct_verification,,
134,宋廚北方菜館,success,3,https://autoreserve.com/zh-tw/restaurants/34r1X43Tsz1Q2Ns8wXRC,autoreserve.com,"宋廚菜館- 信義區, 臺北市| 中式料理",https://supertaste.tvbs.com.tw/food/349325,supertaste.tvbs.com.tw,台北烤鴨餐廳推薦！「宋廚菜館」必點菜色、價位，正宗北京烤鴨老字號｜食尚玩家,https://icecreamcat.tw/song-chu/,icecreamcat.tw,市政府美食｜宋廚菜館烤鴨米其林推薦，原名全聚德 台北市三大烤鴨 @冰淇淋貓的軟爛生活,needs_direct_verification,,
135,辛殿麻辣鍋－信義店,success,3,https://www.jumpman.tw/taipei-hotpot-xindian.html,jumpman.tw,[台北麻辣火鍋吃到飽]辛殿麻辣鍋信義店-2024辛殿麻辣鍋插旗信義A19，高質感藝術空間、居然有歐洲米其林主廚指定冰淇淋吃到飽，SOMA芒果青茶，信義區火鍋 @跳躍的宅男,https://weshares.com.tw/taipei-xindianhotpot/,weshares.com.tw,台北｜辛殿麻辣鍋｜老饕最愛 信義區必吃 麻辣鍋吃到飽 - 有點想分享,https://ifoodie.com.tw/restaurant/559dbb79c03a103ee86ca0d1-%E8%BE%9B%E6%AE%BF%E9%BA%BB%E8%BE%A3%E9%8D%8B,ifoodie.com.tw,辛殿麻辣鍋 線上訂位、菜單 - 台北信義區的火鍋 | 愛食記,needs_direct_verification,,
136,同壽司－信義區,success,3,https://oreo.blog/tongshousi/,oreo.blog,台北信義區美食│同壽司~用餐享信義區夜景~奢華的滿滿干貝丼&星鰻比目魚丼~限量櫻花酒/抹茶拿鐵酒 - OREO的旅行日記,https://amonblog.com/blog/post/65469295,amonblog.com,【台北信義】 同壽司 ~信義區好吃的日本料理店推薦，海鮮超鮮美，菜色選項多，激推超澎湃豪華季月散壽司及海鮮火鍋，近捷運台北101站、世貿展覽館 @ 阿MON世界趴趴走,https://fooday.app/zh-TW/spots/68Z5otD8wJa9YqWKSGy38Y,fooday.app,貓將壽司 信義A13店 在 Fooday 美食社群 | 找餐廳不踩雷，最真實的美食 App,needs_direct_verification,,
137,拾穗,success,3,https://smiletaiwan.cw.com.tw/article/6573,smiletaiwan.cw.com.tw,台北信義區巷弄裡的「拾穗」，是餐酒館也是烘焙坊，把產地滋味放進麵包與道道美食 - 綠媒體 Green Media - 微笑台灣 - 用深度旅遊體驗鄉鎮魅力,https://greenmedia.today/article_detail.php?cid=10&mid=632,greenmedia.today,【台北．信義】拾穗Bakery&Kitchen：拾穗的真食日常，料理與麵包可以兼得 | 綠媒體 Green Media,https://shopee.tw/%E3%80%90%E6%8B%BE%E7%A9%97%E5%92%96%E5%95%A1%E3%80%91%E6%8B%BE%E7%A9%97%E7%8D%A8%E5%AE%B6%E9%85%8D%E6%96%B9-%E8%80%81%E9%97%86%E5%A8%98%E7%89%B9%E8%AA%BF-%E6%BF%83%E6%83%85%E8%9C%9C%E8%9C%9C%E9%85%8D%E6%96%B9-%E5%BF%AB%E9%80%9F%E5%87%BA%E8%B2%A8-i.785602120.19154159618,shopee.tw,【拾穗咖啡】拾穗獨家配方老闆娘特調濃情蜜蜜配方快速出貨,needs_direct_verification,,
139,老井極上燒肉－台北信義店,success,3,https://miatv.tw/lao-jing/,miatv.tw,【老井極上燒肉菜單】台北信義區用餐心得 – Mia TV,https://extremeholiday.asia/%E7%87%92%E8%82%89%E6%8E%A7%E7%9A%84%E6%96%B0%E9%81%B8%E6%93%87%EF%BC%81%E5%8F%B0%E4%B8%AD%E8%80%81%E4%BA%95%E6%A5%B5%E4%B8%8A%E7%87%92%E8%82%89%E5%8C%97%E4%B8%8A%E9%96%8B%E8%A8%AD%E5%8F%B0%E5%8C%97/,extremeholiday.asia,燒肉控的新選擇！台中「老井極上燒肉」北上開設台北信義店 - 極致假期,https://bunnyann.tw/old-well/,bunnyann.tw,老井極上燒肉台北信義店，營業到凌晨一點的燒肉店，壽司、雞腿和牛肉每樣都好吃 @ 小兔小安*旅遊札記,needs_direct_verification,,
140,TAMED FOX－信義店,success,3,https://bobowin.blog/tamed-fox-xinyi/,bobowin.blog,信義區最新早午餐咖啡館TAMED FOX XINYI，寵物友善有大廣場戶外座位 (附完整菜單),https://kavana.tw/tamed-fox-xinyi/,kavana.tw,台北信義區「TAMED FOX 信義」。好吃美味的健康料理Ｘ寬敞明亮具設計感的店面設計。 - 卡瓦納＠京都 自由滯在。,https://evantravel.tw/2023-03-14-41/,evantravel.tw,台北信義寵物友善餐廳【Tamed Fox】，超夯澳式早午餐咖啡館！ - 愛玩的伊凡,needs_direct_verification,,
